#,Artist,Listeners,Daily +/-,Peak,PkListeners
1,Bruno Mars,129824721,-71075,1,151079821
2,Rihanna,116098398,13494,2,116982926
3,The Weeknd,115924245,98013,1,126192069
4,Justin Bieber,112832450,-97918,1,146972758
5,Taylor Swift,106462075,208526,1,116229071
6,Lady Gaga,100169889,116045,2,124637761
7,Coldplay,94942802,-25014,4,101505654
8,Drake,94804483,17240,3,100057064
9,Ariana Grande,93331863,14897,1,126970279
10,Bad Bunny,93172992,-95122,2,123934765
11,Shakira,90814273,-112757,3,107041736
12,Katy Perry,88822704,-109408,12,91425279
13,Michael Jackson,87521440,-137254,4,113091027
14,David Guetta,82926860,31049,4,89315609
15,Maroon 5,80366127,45262,14,81502388
16,Ed Sheeran,79188506,-97811,2,102809026
17,Billie Eilish,78893000,210716,1,108297865
18,Pitbull,78826330,-64674,13,89612836
19,Dua Lipa,77531508,9565,3,78673675
20,Calvin Harris,74954468,-103653,13,81341228
21,Eminem,74035872,-185203,5,86389533
22,J Balvin,72287881,-74362,11,85751171
23,Kendrick Lamar,71137162,69103,4,112091210
24,Kanye West,70656367,19691,6,78581428
25,KAROL G,69080663,47609,21,69080663
26,Sia,68896734,60524,8,100120416
27,Olivia Rodrigo,67416900,127480,18,71483355
28,Lana Del Rey,66807305,141496,22,66807305
29,SZA,66762581,59992,6,97852020
30,Post Malone,66589100,-253388,3,98466468
31,Black Eyed Peas,64099969,20555,26,67671780
32,Daddy Yankee,63996281,55,22,66859292
33,Beyoncé,63881922,-128410,6,78122541
34,Harry Styles,62439124,16762,13,72497079
35,Miley Cyrus,62359665,-182103,2,84140935
36,Travis Scott,62224429,10641,6,75557671
37,Tame Impala,60901687,-108771,31,64654298
38,Sean Paul,60407424,-73286,31,64638835
39,Adele,59482137,94708,23,62764213
40,Justin Timberlake,59386271,167468,38,59416917
41,Linkin Park,57825331,9040,29,60369972
42,Chris Brown,56704558,-38292,25,64080293
43,Arctic Monkeys,56505175,154213,36,56618863
44,Shawn Mendes,56453658,-61464,40,58793957
45,Shreya Ghoshal,56210764,29588,44,56210764
46,Marshmello,55530422,-80306,11,68947085
47,Doja Cat,55439253,82220,5,76357864
48,Madonna,54989123,-24161,43,56329716
49,Ellie Goulding,54897726,-99809,45,56078971
50,Halsey,54629469,-74683,45,55640002
51,Rauw Alejandro,54228936,-55548,33,61676420
52,Sabrina Carpenter,54135528,-94683,4,90844193
53,Sam Smith,54016824,50830,7,73972799
54,Zara Larsson,53937664,12883,23,71288935
55,Alicia Keys,53706613,20465,52,54342990
56,sombr,53596447,-80880,29,60589162
57,Arijit Singh,53415173,12338,39,56255270
58,Ozuna,53295466,-59299,40,53667513
59,Imagine Dragons,52758421,-11938,18,62801774
60,Future,52469827,52010,22,65628348
61,Elton John,52289018,-73042,16,74153795
62,JAŸ-Z,51734018,-172393,58,53318863
63,Queen,51637825,-53894,28,66924652
64,Khalid,51628222,63568,28,55253946
65,The Chainsmokers,51592157,-67438,44,53455555
66,Maluma,51448283,14191,56,51473392
67,Fleetwood Mac,51158884,-175562,50,54188220
68,Britney Spears,51150595,27089,39,60255073
69,Pritam,50831006,-18454,60,51817782
70,Olivia Dean,50733362,228256,32,62143559
71,The Neighbourhood,49498110,75507,53,50960590
72,Charlie Puth,48551782,-53864,58,50093170
73,Camila Cabello,48400132,48596,57,49559592
74,USHER,48026401,-57934,47,51216038
75,JENNIE,47974753,4030,42,56944814
76,Ne-Yo,47887468,35023,68,50429260
77,Wiz Khalifa,47767591,-149142,75,48073409
78,Swae Lee,47642454,-163556,51,52631047
79,Lil Wayne,47583171,-1839,43,52904090
80,Fuerza Regida,47216851,201801,77,48523279
81,OneRepublic,47169033,28619,23,64167172
82,Dominic Fike,47156840,-15700,30,65163766
83,DJ Snake,47106001,-57332,42,59038890
84,Radiohead,46953258,-48350,76,47324027
85,Anuel AA,46882317,82403,83,46882317
86,Nicki Minaj,46743158,-29536,18,65680733
87,A.R. Rahman,46721010,18366,65,48780171
88,Red Hot Chili Peppers,46416231,50691,71,48563883
89,Farruko,46244340,-73104,64,47155680
90,Diplo,45803096,23006,88,46090364
91,Alex Warren,45729002,-12127,35,55736704
92,50 Cent,45323720,-79898,69,47600425
93,One Direction,45120928,-88950,26,61154815
94,Kesha,44830597,1674,56,51088856
95,Burna Boy,44755990,-129134,36,60131126
96,Green Day,44536405,989,96,44676178
97,Flo Rida,44465970,-127917,88,46025547
98,Myke Towers,44325969,-43979,48,47235005
99,Mac Miller,43812959,24205,99,44386952
100,Bebe Rexha,43638116,-123546,37,49496274
101,Peso Pluma,43550055,-11739,27,59429724
102,Don Toliver,43461281,186453,65,50431984
103,Selena Gomez,43318663,56653,22,58879269
104,P!nk,43242376,199751,68,43242376
105,Metro Boomin,42905265,110991,17,64728517
106,RAYE,42901759,129813,41,57509587
107,Jennifer Lopez,42795676,75062,47,54907241
108,ABBA,42570285,-131929,87,45956945
109,Teddy Swims,42085594,188207,44,51616484
110,21 Savage,42061526,43163,17,66771445
111,Akon,41959816,27525,107,42341967
112,Jason Derulo,41883040,150492,77,41883040
113,Oasis,41861619,-92490,81,47448129
114,Don Omar,41458411,-37282,65,50458922
115,Tate McRae,41181337,-6977,26,59945963
116,The Police,40954238,-209392,61,50538889
117,Hozier,40674071,48009,32,57616097
118,Playboi Carti,40621180,-35875,27,62424456
119,The Goo Goo Dolls,40596477,-98219,105,41993816
120,Daniel Caesar,40537329,-5551,69,45431539
121,Malcolm Todd,40243848,38253,121,40243848
122,The Cranberries,40198411,-8011,118,41006198
123,The Kid LAROI,40092595,38223,50,46982806
124,Guns N' Roses,39728984,7841,116,40368203
125,Nirvana,39502508,-96113,122,39916525
126,Romeo Santos,39283928,23577,97,40825832
127,A$AP Rocky,39243145,52441,69,47505466
128,Twenty One Pilots,39220214,38538,105,41731612
129,HUGEL,39196998,-22047,109,42242586
130,Benson Boone,39083471,52804,31,60310612
131,Grupo Frontera,39005601,28982,64,39359637
132,Avicii,38994110,-22137,68,43468577
133,Steve Lacy,38978061,-98860,111,39703042
134,Pharrell Williams,38652868,-65727,89,41485126
135,Frank Ocean,38579585,-38171,96,40820285
136,Disney,38384139,3672,107,41686203
137,Empire Of The Sun,38339996,90577,105,42178200
138,"Tyler, The Creator",37843724,-76356,43,52930766
139,J. Cole,37777664,80444,45,48760887
140,Feid,37736929,11267,53,46407503
141,Gorillaz,37576971,25866,54,43738439
142,Manuel Turizo,37515161,26903,66,39587171
143,Macklemore,37438751,18600,99,37438751
144,Snoop Dogg,37345581,-105206,109,37492826
145,AC/DC,37205176,61291,77,40609655
146,Demi Lovato,37193776,-23830,98,39144950
147,Anitta,37169477,13802,99,45678504
148,rusowsky,37056213,162212,148,37056213
149,Nicky Jam,36874185,-57438,110,38391254
150,Miguel,36851917,-24635,80,36876552
151,Nelly Furtado,36598340,-1012,141,36599352
152,Mariah Carey,36596167,110323,5,103891529
153,Gracie Abrams,36449268,201382,43,51497815
154,The Killers,36434546,-8693,142,37525066
155,Paramore,36358498,15146,153,36358498
156,Bon Jovi,36224277,9453,143,36802715
157,Enrique Iglesias,35840640,-1460,122,37379426
158,Sachin-Jigar,35689763,24170,115,38210170
159,Irshad Kamil,35653596,-14479,106,41787904
160,Tems,35513392,-33584,89,45584120
161,The Beatles,35170622,-8079,78,38449903
162,Clean Bandit,34840931,51196,149,36347569
163,Ty Dolla $ign,34751812,-46468,40,52532512
164,Judeline,34670985,153961,164,34670985
165,Billy Joel,34432311,-182106,132,35817482
166,Bee Gees,34280893,-614573,109,41840277
167,Noah Kahan,34222555,130583,86,37900933
168,Kali Uchis,33972505,63730,49,48511206
169,Metallica,33920929,44411,144,33920929
170,KATSEYE,33911157,-31242,125,38567040
171,Amitabh Bhattacharya,33734606,27405,138,37008407
172,Mithoon,33680930,-26623,159,35221490
173,Vishal-Shekhar,33651389,26762,134,36364096
174,SIENNA SPIRO,33639257,209537,174,33639257
175,The Script,33621321,-5056,171,33731212
176,Anne-Marie,33571474,-69468,61,41501481
177,Ravyn Lenae,33542795,-104298,153,34375742
178,Creedence Clearwater Revival,33512789,7049,92,38637577
179,Udit Narayan,33497241,16931,143,35471807
180,Morgan Wallen,33493348,30787,59,46385773
181,Tiësto,33463685,47523,38,53621311
182,The Marías,33414782,38868,106,38403726
183,Cigarettes After Sex,33361403,42440,123,36545463
184,ADÉLA,33244298,700237,184,33244298
185,Childish Gambino,32942551,7423,151,33562682
186,Mark Ronson,32656807,-7438,131,35103161
187,Gunna,32634103,-40437,65,43236433
188,Kodak Black,32496481,28367,99,33708388
189,Arcángel,32481601,17456,112,32481601
190,Becky G,32434850,-19606,78,36514621
191,Christina Aguilera,32428701,9750,143,34034008
192,Backstreet Boys,32380936,61113,192,32380936
193,Djo,32254720,-59529,25,64626108
194,Ella Langley,32036313,42046,181,32824426
195,Lil Baby,31988523,-19926,76,41194598
196,Phil Collins,31877364,87191,183,33030386
197,Chappell Roan,31727051,-15242,59,47355595
198,Tanishk Bagchi,31657454,30297,106,38964620
199,Atif Aslam,31581905,16712,175,31946930
200,Shankar Mahadevan,31570319,44439,186,31570319
201,Major Lazer,31548163,-2350,132,38150336
202,Neton Vega,31530536,26353,142,32724601
203,PinkPantheress,31325390,50534,60,42542320
204,Dave,31308407,-76585,127,38342100
205,Quevedo,31274911,16130,71,38182790
206,Sayeed Quadri,31208355,-40232,183,33110653
207,Temper City,31095989,-47949,196,32122802
208,Cardi B,31066946,-71769,84,38247799
209,Omar Courtz,31035712,-50616,143,34380610
210,XXXTENTACION,31006854,-38845,67,42898057
211,Bryan Adams,30999597,-29053,190,33360916
212,BTS,30918974,23237,63,46724346
213,JHAYCO,30783496,-52594,88,38717830
214,G-Eazy,30771485,-100133,197,31360956
215,Cris MJ,30765664,-45704,52,49896640
216,Kumaar,30761463,65320,216,30761463
217,Ryan Castro,30695832,-39500,171,33050620
218,Sunidhi Chauhan,30520543,16594,196,31257234
219,Junior H,30495838,-2357,141,31055282
220,French Montana,30280756,34796,169,33552550
221,Vance Joy,30221015,47070,117,33451307
222,Plan B,30201961,-33774,221,30235735
223,Gigi Perez,30135158,98172,156,31772994
224,Danny Ocean,30078054,-75981,187,31125471
225,Juice WRLD,30021978,-25030,92,39483073
226,Lil Uzi Vert,29960885,-74344,67,39580515
227,Ovy On The Drums,29956713,-39580,99,38983123
228,Aerosmith,29954817,-22145,201,29976962
229,DaBaby,29512208,-6312,103,33034561
230,Charli xcx,29495902,-54494,56,46491335
231,Wisin & Yandel,29478952,10668,173,29716601
232,Timbaland,29471349,-51041,230,29550486
233,ZAYN,29445482,104265,124,36072526
234,James Arthur,29373357,61447,69,40276141
235,Carín León,29354851,-37267,125,32386759
236,Tom Odell,29312927,-59791,87,38447142
237,Young Thug,29230036,50341,97,33656406
238,Whitney Houston,29142080,-84959,135,35060772
239,Zion & Lennox,29132759,-50604,201,30771247
240,KK,29106525,21336,212,30600351
241,Nickelback,28969503,-14910,226,29845743
242,Tove Lo,28960910,-29942,239,29029009
243,Lord Huron,28842862,79619,140,34820218
244,The Rolling Stones,28831434,19365,138,30693049
245,Avril Lavigne,28772803,-9524,214,29604468
246,Tears For Fears,28735870,-211423,196,30677179
247,Beéle,28733130,-41382,94,39921365
248,2Pac,28718727,-45186,187,29202405
249,Chencho Corleone,28711680,-63472,106,33561627
250,Keyshia Cole,28658319,-12122,163,34362696
251,Journey,28455921,-77469,194,31463163
252,Evanescence,28443472,1683,252,28443472
253,Mohit Chauhan,28408870,-23407,216,28577542
254,Jess Glynne,28388767,98943,208,30695424
255,Maná,28348031,49208,238,28608255
256,Daft Punk,28325176,-40987,195,31400618
257,Macklemore & Ryan Lewis,28308305,7246,190,28308305
258,Natasha Bedingfield,28294250,-84950,165,30941703
259,PARTYNEXTDOOR,28261231,-23228,91,38820076
260,Outkast,28195989,100825,195,31497460
261,Fred again..,28173892,81017,261,28173892
262,Ava Max,28160220,-4183,85,42954408
263,Sade,28128704,63422,260,28128704
264,Tinashe,27999787,145095,138,36041690
265,Rema,27970312,48540,60,40010586
266,ROSÉ,27859365,15295,17,71124800
267,B.o.B,27628009,-16719,226,29559833
268,Ñengo Flow,27588156,-26043,207,29849029
269,Natanael Cano,27583304,25814,159,28962500
270,Sonu Nigam,27544042,29936,181,31415968
271,Alan Walker,27528846,-17968,100,33218914
272,"Earth, Wind & Fire",27479315,1540,198,27479315
273,Pink Floyd,27470261,-12314,232,28459893
274,Yandel,27385094,29816,126,27875326
275,Kings of Leon,27372412,38593,241,27372412
276,Sean Kingston,27291111,-65276,105,42816018
277,Tainy,27240395,-56854,91,35233699
278,Alka Yagnik,27224135,13320,224,28219783
279,Panic! At The Disco,26984179,-40230,165,27605878
280,Eagles,26961599,-56175,85,46887140
281,TOTO,26912968,-174765,147,31472214
282,Kid Cudi,26869816,8560,149,29550228
283,Kygo,26815158,-91072,95,37407823
284,Blessd,26807165,-27514,207,28174394
285,Swedish House Mafia,26793945,42975,187,29516869
286,System Of A Down,26736646,-4721,238,26741367
287,AFROJACK,26651222,3717,210,29092089
288,Shaggy,26640926,27803,276,26789080
289,Kehlani,26609575,59015,198,30074064
290,Florence + The Machine,26577878,66083,108,35434529
291,Joji,26533138,41067,116,30286097
292,The Notorious B.I.G.,26522089,-88470,202,27827443
293,Vishal Mishra,26502437,-2614,206,29210979
294,Aventura,26422602,38929,266,26984136
295,Manoj Muntashir,26373482,34038,217,28528462
296,Daryl Hall & John Oates,26336212,-128138,133,34537623
297,benny blanco,26331897,86763,99,37348214
298,Shankar-Ehsaan-Loy,26305255,30880,243,27425495
299,Himesh Reshammiya,26277674,86918,209,26277674
300,Lorde,26277552,96240,123,35073097
301,Fall Out Boy,26258033,-6742,129,35668411
302,Tito Double P,26175475,36755,219,27135892
303,Prince Royce,26148770,114708,274,26962094
304,Robin Schulz,26028262,-34685,76,35869334
305,Dire Straits,25934784,-21772,265,27209040
306,Anirudh Ravichander,25934479,15438,114,31302762
307,Gwen Stefani,25914722,31522,119,41066058
308,beabadoobee,25842844,-13706,198,26896155
309,Megan Thee Stallion,25734552,51611,108,35834865
310,The Cure,25731042,-37427,284,26724556
311,Tory Lanez,25726778,90545,180,26498835
312,Bizarrap,25720763,8917,28,54300662
313,GIVĒON,25697789,96134,145,30904678
314,Chinmayi,25640335,-4936,213,29125644
315,Lewis Capaldi,25626232,44276,66,37776153
316,TV Girl,25618889,-12512,255,25631401
317,Nelly,25610358,-47230,272,26144646
318,T-Pain,25412279,-30848,219,26892783
319,Jay Wheeler,25307794,-91675,300,25690424
320,Dolly Parton,25273427,-186324,148,36851845
321,Kelly Clarkson,25222325,-7430,26,67762626
322,Trippie Redd,25086269,23816,137,31720053
323,ROSALÍA,25073559,-10920,47,46715627
324,Tyla,24959613,-6233,85,46584665
325,a-ha,24947292,-69826,180,28104014
326,Oscar Maydon,24911823,36117,174,28881483
327,El Bogueto,24839672,182742,251,26900751
328,Luke Combs,24799067,20090,114,34881535
329,Badshah,24706641,113847,273,24706641
330,Luis Fonsi,24696168,6641,214,29150719
331,The Smiths,24695585,-12744,328,24714693
332,KPop Demon Hunters Cast,24616192,-359,30,61126674
333,Chris Stapleton,24611998,56093,197,26834473
334,El Alfa,24589960,25309,223,27651478
335,Prince,24587878,121098,270,25947749
336,Ray Dalton,24554547,21300,277,24554547
337,Grupo Firme,24534419,76607,257,24534419
338,Keane,24490824,-7640,250,25940688
339,Gucci Mane,24402087,3278,334,24402087
340,U2,24314709,5429,233,24839182
341,Jack Harlow,24242987,22121,29,59210566
342,DJ Khaled,24187697,5931,124,29389696
343,Sebastian Yatra,24092309,-6486,137,28235688
344,Alok,24043525,53510,123,33578843
345,Doechii,24020982,161185,29,60581257
346,Lily-Rose Depp,23987916,189178,117,32569522
347,Limp Bizkit,23986627,-22762,344,24009389
348,Marvin Gaye,23983957,8031,243,24379618
349,Bob Marley & The Wailers,23731493,-9170,170,29094145
350,John Legend,23731243,-2586,107,37946781
351,Elvis Presley,23683674,-8233,57,52355319
352,George Michael,23664416,-9301,139,31867957
353,Train,23652696,19304,171,29211060
354,Brent Faiyaz,23614424,-859,192,26233756
355,Vishal Dadlani,23576149,-8011,307,24304291
356,Dr. Dre,23543362,-25512,194,27880888
357,Zach Bryan,23515679,43196,119,34463168
358,Shashwat Sachdev,23509559,27110,165,33760169
359,Luis Miguel,23420254,13175,279,26346555
360,Tyga,23402783,38045,176,26150613
361,TLC,23361152,-152786,352,23653673
362,R.E.M.,23358576,-23149,332,23996876
363,Glass Animals,23340907,-35304,132,29182886
364,Amit Trivedi,23339831,6852,343,23657452
365,Amy Winehouse,23330351,2215,279,24095770
366,Martin Garrix,23270906,-76131,175,25465756
367,Lenny Tavárez,23269024,-53112,278,23464840
368,Måneskin,23211124,-5283,134,26818201
369,Carly Rae Jepsen,23144421,-20726,317,24352417
370,Lola Young,23139007,58622,63,45503184
371,Sameer Anjaan,23114799,-23348,338,24121992
372,De La Ghetto,23093468,27190,238,23093468
373,Gym Class Heroes,23082365,9776,371,23082365
374,Gabito Ballesteros,23041195,-21411,237,24111439
375,Foo Fighters,22958721,-56634,231,24033914
376,Anderson .Paak,22933678,-33286,197,25813321
377,Javed Ali,22796437,12334,295,23768893
378,EJAE,22619345,-11142,39,55600304
379,Bastille,22612653,-74814,183,26610747
380,Marco Antonio Solís,22607342,25645,354,22607342
381,Stevie Wonder,22573668,72309,114,34912997
382,Kapo,22505478,-70033,271,25510155
383,Billy Idol,22487196,-922,374,22845625
384,Bryson Tiller,22472129,61678,169,28259185
385,Amaal Mallik,22406081,-56286,357,23415298
386,The Offspring,22345722,-18497,309,23390106
387,Rahat Fateh Ali Khan,22337235,-3586,374,22779649
388,The 1975,22283914,54144,341,22283914
389,Mac DeMarco,22276256,-26302,318,22346462
390,Sajid-Wajid,22268008,-23904,363,22385943
391,Weezer,22201762,-115637,345,23681729
392,Rels B,22186976,-37385,212,27242105
393,Shilpa Rao,22131676,31265,158,28394666
394,REI AMI,22057652,-15528,41,55202504
395,Shaarib Toshi,21960665,-198,395,21960863
396,Conan Gray,21934065,-5168,167,28549479
397,Bruce Springsteen,21917915,50727,107,38727164
398,Zion,21864064,77560,398,21970532
399,De La Soul,21859274,24404,232,26335384
400,Muse,21853093,106058,389,21935440
401,Jessie J,21828354,107087,304,23379270
402,Camilo,21769870,-25032,229,24802954
403,Justin Quiles,21765042,747,223,22104769
404,Sech,21738945,5504,174,23591625
405,Juanes,21700702,61449,332,21700702
406,Disclosure,21655113,19190,239,25932319
407,Tulus,21638330,-113029,382,22590157
408,Anu Malik,21630735,9420,318,24070292
409,Central Cee,21624443,-62880,78,40321501
410,Alessia Cara,21614187,-87562,227,25204710
411,The Fray,21541302,39624,378,21569851
412,Big Sean,21539257,-15017,166,29499746
413,Young Miko,21494585,-22386,105,33633855
414,Yung Beef,21477359,217488,275,25365505
415,Lost Frequencies,21449263,-91381,105,36503461
416,Jubin Nautiyal,21426217,-6084,241,23979989
417,Laufey,21425539,53059,82,47315391
418,HUNTR/X,21320131,-16243,42,54529976
419,Meghan Trainor,21235013,54775,69,41619008
420,Led Zeppelin,21192694,-38726,294,22951909
421,Reik,21170562,2996,253,22018792
422,Mitski,21156879,38909,71,39387536
423,Mazzy Star,21139806,37082,423,21139806
424,Depeche Mode,21131962,77493,418,21131962
425,Zedd,21101858,-22268,317,21186476
426,Bonnie Tyler,21025504,-153022,326,24629010
427,Wisin,21007495,-48156,405,21076690
428,Migos,20992482,5858,296,21526916
429,AUDREY NUNA,20953894,-24709,43,54291080
430,JVKE,20940238,109626,110,31684143
431,Céline Dion,20906374,35549,105,38976847
432,Rex Orange County,20901853,-107994,336,22623882
433,Anuv Jain,20890292,-33491,369,22935053
434,Skrillex,20814684,17591,175,31002761
435,Foreigner,20808401,-7319,396,21692478
436,Jonas Blue,20773228,-55937,226,23902000
437,Banda MS de Sergio Lizárraga,20756502,11450,393,20780658
438,Sachet-Parampara,20724741,-3265,277,24339737
439,Scorpions,20672171,11423,439,20672171
440,MGMT,20644200,-79513,367,22600119
441,Luis R Conriquez,20640110,-2237,284,23062711
442,SOLTO (FR),20623002,-101865,367,22980579
443,Imogen Heap,20602507,56517,312,22528883
444,Mike Posner,20590906,-13250,353,23459484
445,Aitana,20545690,53125,411,21381830
446,Clairo,20544975,40922,337,20556125
447,Nate Ruess,20483603,186399,447,20483603
448,Three Days Grace,20443447,34800,444,20675332
449,Julión Álvarez y su Norteño Banda,20370711,27053,397,20370711
450,Neeti Mohan,20360660,15288,367,22105912
451,David Bowie,20346698,-39492,317,23390242
452,Mc Gw,20338791,2346,238,24214206
453,5 Seconds of Summer,20332159,-43296,205,25934585
454,blink-182,20274526,-626,268,22103116
455,Raim Laode,20169164,-31585,445,20555528
456,Sachet Tandon,20144889,-17916,305,23730756
457,Lynyrd Skynyrd,20140289,-1535,324,24653491
458,Xavi,19972375,-50603,129,31501727
459,Yo Yo Honey Singh,19965927,41156,288,23412544
460,Gotye,19935539,-94496,367,22412465
461,Troye Sivan,19889147,123106,107,32443596
462,Christian Nodal,19885959,-6639,220,24683573
463,Disturbed,19850729,71304,286,22402786
464,Fetty Wap,19847925,28674,308,24564987
465,T.I.,19820648,74949,465,19820648
466,Harris Jayaraj,19806669,-39344,440,20541740
467,Calle 24,19805388,-5628,347,20713424
468,De La Rose,19799513,-26110,385,20427362
469,Sixpence None The Richer,19789157,-138023,444,20588505
470,ILLIT,19783218,-47529,359,22792151
471,Jeremih,19709871,7338,443,19709871
472,Jhené Aiko,19671175,142082,472,19671175
473,Noriel,19669014,-53675,448,20231667
474,Christina Perri,19657265,-62634,424,19719899
475,The Outfield,19653603,-33876,406,21092914
476,Alejandro Sanz,19608709,54990,314,22611713
477,Lil Peep,19603325,-18047,337,22578865
478,BigXthaPlug,19601253,34201,305,22793275
479,Ayra Starr,19595037,-68428,134,32190133
480,Rae Sremmurd,19541346,23607,412,20238227
481,Frank Sinatra,19538948,14722,31,64175583
482,Chase Atlantic,19536335,25771,263,23118141
483,S. P. Balasubrahmanyam,19528438,8777,426,19851480
484,Bill Withers,19510218,-102850,219,25445001
485,Chino Pacas,19447906,-25362,267,21601531
486,Jeet Gannguli,19433038,324,437,20569235
487,LE SSERAFIM,19415389,-27650,355,23113922
488,Roddy Ricch,19413478,19256,205,23016594
489,Labrinth,19396798,-4441,67,36829106
490,MC Meno K,19384233,41916,323,23750876
491,Marc Anthony,19374445,51427,332,21883408
492,MC Ryan SP,19338618,5554,349,22472824
493,Lenny Kravitz,19326554,46597,415,21124249
494,Eladio Carrion,19314104,-25836,156,26738598
495,Summer Walker,19307145,1196,167,28542051
496,FloyyMenor,19299504,41256,66,42961167
497,Offset,19298834,29273,183,25315155
498,Jowell & Randy,19264433,22015,345,23073779
499,Mary J. Blige,19261521,71418,487,19464507
500,KISS,19260084,-49348,459,20209032
501,AURORA,19255212,36533,473,19255212
502,Lil Nas X,19237760,-14796,61,37597256
503,A Boogie Wit da Hoodie,19226790,17253,213,22882543
504,Lauv,19222687,-22524,257,23017088
505,Annie Lennox,19213550,-28030,301,22249919
506,Daya,19207399,-40399,340,23051287
507,Ajay-Atul,19204925,36583,507,19204925
508,Lil Durk,19193083,-8562,92,34773282
509,Shania Twain,19170960,18127,352,20047253
510,Tulsi Kumar,19170653,38371,346,20616552
511,Mustafa Zahid,19163093,-52423,416,21418216
512,Julieta Venegas,19134096,9909,376,20328506
513,Kylie Minogue,19122430,10617,233,24715118
514,Deftones,19117430,65464,451,19117430
515,Mora,19115056,-19151,151,27760085
516,My Chemical Romance,19093185,11652,389,20474332
517,Stephen Sanchez,19089217,92897,82,34322910
518,Lata Mangeshkar,19050217,-27518,402,20778642
519,Grupo Marca Registrada,19029548,27952,264,22007861
520,Lenin Ramírez,19014536,-15221,459,19810108
521,BLACKPINK,19010691,-17973,131,35310315
522,Joan Sebastian,18976782,28461,508,19093610
523,Black Sabbath,18942384,-4198,173,31120876
524,Los Ángeles Azules,18941789,-497,374,19765045
525,YoungBoy Never Broke Again,18884025,-3685,288,21034317
526,Foster The People,18869227,-85110,313,22182297
527,Kunaal Vermaa,18827404,14148,359,22295359
528,Kimbra,18821320,-94773,416,21162304
529,Jason Mraz,18810724,110551,282,21336382
530,Bryant Myers,18805431,-13978,341,19474236
531,Shaboozey,18789668,-20584,110,35811664
532,girl in red,18782351,139737,262,23016471
533,Calum Scott,18770109,62334,131,28676261
534,Mon Laferte,18760289,78861,457,19174981
535,Ashe,18687915,420281,516,18687915
536,Palak Muchhal,18649378,23602,414,18694554
537,Jasleen Royal,18629260,51325,298,19937199
538,Pearl Jam,18618403,-4734,488,18776413
539,Paulo Londra,18609551,27924,401,19018321
540,Brytiago,18600780,-16426,508,19079038
541,Cyndi Lauper,18573224,-60670,214,25807659
542,Topic,18547918,90881,317,22576619
543,Faheem Abdullah,18542496,39883,176,30931323
544,Sam Fender,18465133,167632,527,18730525
545,Slipknot,18415625,-35417,543,18451042
546,Myles Smith,18397815,-22959,170,28960193
547,Bob Sinclar,18391404,28131,377,22282065
548,Dido,18374223,37817,307,21688560
549,Diljit Dosanjh,18358677,18616,247,24307420
550,Kelly Rowland,18347045,36555,537,18481513
551,Electric Light Orchestra,18322325,-38649,480,19345669
552,LISA,18300766,-120029,191,26847435
553,Ricky Martin,18288530,13186,365,21297094
554,Stromae,18275437,53892,249,25659827
555,Jasmine Sandlas,18247315,41006,278,26587532
556,The Lumineers,18181302,14748,165,28855344
557,"Tito ""El Bambino""",18175067,-30899,554,18225216
558,Destiny's Child,18172816,74916,330,22189099
559,*NSYNC,18172509,-19159,138,32534951
560,Dei V,18171857,-67289,155,30795673
561,Alphaville,18146497,-48772,271,22723241
562,Tones And I,18091599,59807,416,19771981
563,Blondie,17993697,-40390,552,18034087
564,Hotel Ugly,17988413,62339,256,23321907
565,Alejandro Fernández,17950007,-7728,404,18505932
566,Piso 21,17941730,-30992,303,20327383
567,Boney M.,17939267,-88511,268,24770644
568,Lykke Li,17932346,64904,489,19502444
569,Carlos Vives,17920891,13635,375,18980239
570,Jatin-Lalit,17904755,4299,532,17904755
571,Calibre 50,17863482,-18790,488,17882272
572,GIMS,17849559,-13690,416,20043467
573,3 Doors Down,17848420,14036,430,19932037
574,La Arrolladora Banda El Limón De Rene Camacho,17845948,16092,557,17858467
575,Coolio,17826475,1845,367,21308181
576,Kailash Kher,17813964,31690,424,20132335
577,Roxette,17784101,29952,453,18219256
578,Beach House,17759482,102496,521,17759482
579,Devi Sri Prasad,17758270,43023,350,20167765
580,Santana,17744293,968,344,20594830
581,Roop Kumar Rathod,17741670,-154,372,21944227
582,Yeat,17733526,77886,149,28149740
583,Elvis Crespo,17686456,17650,495,19045746
584,Yan Block,17640194,-44526,459,18752600
585,Bon Iver,17635821,20970,287,21981333
586,will.i.am,17595383,19860,505,18873475
587,DJ Luian,17556920,-53630,293,19413064
588,Sexyy Red,17547323,31265,105,36995746
589,Cosculluela,17535584,-17207,564,17995720
590,Armaan Malik,17534356,-6372,381,17540999
591,Chris Isaak,17521178,58879,591,17521178
592,Karan Aujla,17485464,39509,349,21507769
593,fun.,17419394,38271,498,19428270
594,Quavo,17402798,144415,188,27599002
595,Steve Aoki,17393928,1371,216,21606912
596,The Strokes,17379526,-2584,423,19720753
597,The Verve,17377603,-172607,558,18030481
598,Hoobastank,17377466,4946,571,17660259
599,Victor Mendivil,17368742,85464,473,18922163
600,Jonas Brothers,17361374,16868,119,34634829
601,Parampara Tandon,17360808,5395,305,23532260
602,Darell,17350385,-33297,238,22214709
603,ROA,17316211,95160,603,17316211
604,Hariharan,17308336,23931,471,18803223
605,Rochak Kohli,17282077,23176,402,19904963
606,Eslabon Armado,17279056,41814,64,40132836
607,Maria Becerra,17275963,-42929,159,26919900
608,Los Enanitos Verdes,17267572,10412,543,17365342
609,Lil Tecca,17223223,-16637,176,29777553
610,Sid Sriram,17154086,24865,566,17154086
611,Disco Lines,17117507,72625,224,28255907
612,Creed,17090583,65521,612,17090583
613,felix jaehn,17079475,-42509,194,24535929
614,The Smashing Pumpkins,17057653,-47231,612,17104884
615,Omar Apollo,17053025,-28150,592,17092577
616,Alleh,17013432,-28972,422,18737516
617,Lyanno,17010162,-107649,416,17578905
618,Kumar Sanu,16994009,10051,593,16994009
619,John Newman,16922314,40383,532,18155404
620,FISHER,16909908,13555,382,20608410
621,M83,16903561,139688,584,17100797
622,Tony Dize,16888153,-22290,481,16960442
623,Mambo Kingz,16865736,-76098,298,19318210
624,NATTI NATASHA,16852080,-12329,331,17498549
625,Dave Stewart,16816722,-40704,428,19362767
626,Rashmi Virag,16810320,-56361,520,18623171
627,Juan Luis Guerra 4.40,16788198,49266,551,17655967
628,Rvssian,16787650,-84301,180,27438055
629,Rick Ross,16785098,-8269,479,18003411
630,The Pussycat Dolls,16756293,-9679,539,17567464
631,Benny Dayal,16752261,25746,522,17538357
632,Capital Cities,16733210,-1987,506,18879684
633,Ms. Lauryn Hill,16703737,-28014,486,18001301
634,Michael Bublé,16678448,57642,13,75604751
635,Ice Cube,16655967,-76285,325,18290286
636,Jaani,16629639,25157,319,21270757
637,Yorghaki,16628911,-38818,399,19224061
638,B Praak,16610776,59602,366,19588169
639,Cage The Elephant,16603219,29791,401,18343382
640,Rod Stewart,16595380,-33705,521,17624939
641,Kacey Musgraves,16591205,-1145,182,27365334
642,STELLA LEFTY,16574005,51884,562,18094073
643,Fergie,16572045,22981,562,17394018
644,COLORS,16571570,39198,644,16571570
645,LATIN MAFIA,16535183,-5443,641,16598417
646,CeeLo Green,16513759,44766,371,22154975
647,Meek Mill,16511585,16579,393,16511585
648,Aya Nakamura,16506785,27488,479,19459651
649,MAGIC!,16505400,2436,549,17492372
650,Jonita Gandhi,16500895,54691,337,18343744
651,Jesse & Joy,16496582,54104,440,18112524
652,America,16485229,57068,535,18237797
653,Alesso,16467114,-686,259,21319973
654,K. S. Chithra,16464983,12432,619,16464983
655,Eurythmics,16456836,-42275,364,19541941
656,bees & honey,16418870,-8847,190,29859569
657,F1 The Album,16417312,-1925,110,37299998
658,Selena Gomez & The Scene,16402365,-56776,525,17141243
659,Duran Duran,16376830,25391,582,16376830
660,Fifth Harmony,16352760,-14972,539,16680095
661,Alfredo Olivas,16349191,28871,582,16357605
662,Audioslave,16346508,51765,647,16591983
663,No Doubt,16340624,70357,660,16340624
664,Riley Green,16243960,24291,588,17192410
665,Pamungkas,16242185,-14426,552,16854235
666,Asha Bhosle,16211605,-28871,469,19150054
667,Jelly Roll,16178657,-921,159,31608967
668,Icona Pop,16153563,-31533,536,18310431
669,L.V.,16146944,4425,433,19939437
670,bôa,16138085,70676,670,16138085
671,JID,16137105,-54009,100,34163239
672,Randy Nota Loca,16131306,79336,672,16131306
673,54 Ultra,16094462,-37607,449,20166231
674,Addison Rae,16093522,63851,450,18383467
675,Noah Cyrus,16048728,-55085,339,20615213
676,Henrique & Juliano,16044992,44273,461,18883784
677,Sal Priadi,16033732,-60323,566,17335322
678,Sai Abhyankkar,16020062,20583,676,16020062
679,Juan Gabriel,16010478,12572,563,16611454
680,Asees Kaur,15984829,116162,420,17605775
681,The Game,15973060,49877,508,16797284
682,Sadhana Sargam,15968468,15992,633,15968468
683,d4vd,15927838,20595,94,39826084
684,Milky Chance,15917762,35623,417,19088433
685,ANOTR,15910020,-57292,471,19628452
686,Salim-Sulaiman,15863080,16704,524,16904157
687,Lukas Graham,15818113,37844,407,18243782
688,Sukhwinder Singh,15809522,2566,519,17809288
689,Lin-Manuel Miranda,15804572,6407,461,17320181
690,"Héctor ""El Father""",15802136,63581,646,15802136
691,Ruth B.,15795483,48497,224,23065545
692,Banjaare,15792084,21047,539,17841675
693,Papa Roach,15752055,-7367,597,16320189
694,Gente De Zona,15739448,-20330,593,16860079
695,Eden Muñoz,15735730,-20683,367,17438441
696,The Temper Trap,15732744,27535,560,17154696
697,Wale,15727060,64195,488,18334727
698,Baby Keem,15703107,-12846,237,23094570
699,Sufjan Stevens,15699648,32906,683,16083427
700,Chief Keef,15696826,-15309,436,16199432
701,Marc Seguí,15646801,-29277,679,15962737
702,Elley Duhé,15645167,22611,150,25586962
703,Kausar Munir,15633394,-181,311,21771072
704,Tracy Chapman,15621633,-4542,348,19175912
705,Wizkid,15597653,-14810,474,19013374
706,TINI,15595795,-29888,290,26064686
707,The White Stripes,15592437,-52456,290,22483264
708,Grand Theft Auto VI,15584788,317543,708,15584788
709,The Cardigans,15580281,-25429,669,15867538
710,WILLOW,15578490,-20738,360,17403693
711,Nile Rodgers,15575787,2785,209,25999504
712,Phoebe Bridgers,15567887,-716,670,16271285
713,Kate Bush,15559677,-6944,238,27486398
714,Ben E. King,15546541,-91369,517,17135286
715,G. V. Prakash,15538039,-20436,673,15638207
716,Mc Jacaré,15533920,20910,514,18094889
717,Dean Lewis,15530247,-31627,266,19801720
718,WizTheMc,15524669,42883,191,29814765
719,Nusrat Fateh Ali Khan,15515552,35497,719,15515552
720,Crowded House,15513634,-11394,660,15951140
721,Los Tucanes De Tijuana,15489324,4587,484,15711201
722,Ian Asher,15487399,-63240,603,17307594
723,Men At Work,15480943,63778,510,18879306
724,Lloyd,15465454,12135,723,15465454
725,Ace of Base,15465038,46373,659,16494555
726,Melody,15461747,229737,720,15461747
727,Zé Neto & Cristiano,15452021,25677,584,15452021
728,Nadhif Basalamah,15446135,-34154,417,20306509
729,Alemán,15442337,24126,268,23547346
730,Madison Beer,15414085,12429,258,26495861
731,Julia Michaels,15412900,1478,309,20387752
732,Lizzy McAlpine,15404384,31292,293,18459665
733,Korn,15364472,-4712,683,15369184
734,Gabry Ponte,15343771,-14184,350,20812009
735,CYRIL,15339235,20262,227,25127423
736,Yuvan Shankar Raja,15322925,-8414,663,15634617
737,Ozzy Osbourne,15318999,-44895,218,27871194
738,Luar La L,15309316,18694,605,15868686
739,R. D. Burman,15291207,-11865,599,16676572
740,League of Legends,15283836,-34043,226,26494221
741,LOS DOS DE TAMAULIPAS,15281315,31093,741,15281315
742,eńau,15277241,-19621,584,17507208
743,Ultra Naté,15268960,-13352,632,16863472
744,Vicente Fernández,15268267,29684,647,15869271
745,Los Dareyes De La Sierra,15266893,-4387,518,17094913
746,NIKI,15243917,8346,288,23598735
747,Busta Rhymes,15243845,56057,599,16995538
748,Survivor,15217421,-29234,598,15708723
749,Ari Lesmana,15193264,-20056,587,17466952
750,Pop Smoke,15173016,-13919,162,25280553
751,Lil Yachty,15172749,-13413,315,20524026
752,Armin van Buuren,15167072,9152,440,16859283
753,Nadeem Shravan,15150852,14971,715,15150852
754,AP Dhillon,15136480,25040,394,20323998
755,Shaan,15094411,5622,623,15757315
756,Dalex,15084596,-39916,355,18038673
757,James Blunt,15068033,19343,553,15068033
758,Jyotica Tangri,15023687,66256,758,15023687
759,Duki,15011369,-9040,162,26492455
760,Silk Sonic,14984085,-16250,373,19375345
761,The Jackson 5,14968223,-23516,150,31031521
762,Pol Granch,14935065,-26781,727,15292506
763,La Oreja de Van Gogh,14932817,2210,462,17350078
764,Alex Rose,14909846,-91165,710,15468387
765,Mc Livinho,14906084,12339,336,21311861
766,Neha Kakkar,14900806,30774,397,18678926
767,Leon Bridges,14882949,24371,597,15810069
768,Divya Kumar,14873358,-2094,405,18610694
769,Milo j,14862024,5350,265,21285336
770,John Mayer,14858852,14721,327,19806976
771,Cardenales De Nuevo León,14855303,4581,771,14855303
772,Los Tigres Del Norte,14845121,-1200,689,15085263
773,Alec Benjamin,14843910,-16255,251,23650761
774,Soulja Boy,14837559,30366,662,15359039
775,Taio Cruz,14822159,-97648,520,15847887
776,Kavita Krishnamurthy,14820961,63591,763,14820961
777,Edward Maya,14806039,-34719,550,17906833
778,Anand Raj Anand,14801164,-2476,648,15753522
779,Portugal. The Man,14790430,47118,517,17175153
780,Mc Lele JP,14785323,7191,676,15751682
781,Jung Kook,14782048,19086,61,40791781
782,Matheus & Kauan,14770823,14136,595,15789136
783,TWICE,14767630,29355,222,27003979
784,Cassie,14756744,21001,710,14900269
785,Arcane,14752444,-46818,132,33507367
786,Skepta,14750576,119031,559,17449892
787,Gajendra Verma,14738050,42368,651,15918877
788,Emmanuel Cortes,14737490,-25183,763,14917036
789,Kris R.,14735167,-31255,665,15182685
790,Sting,14727762,7550,551,15960781
791,Melanie Martinez,14717307,2709,257,20251491
792,Mc Rodrigo do CN,14711530,19978,449,19213689
793,The Clash,14702159,-15894,379,21751121
794,mgk,14686226,4529,403,19192009
795,Plain White T's,14682623,14731,690,15233280
796,Karthik,14681319,8708,723,14681319
797,Bob Dylan,14680474,-45184,492,17764681
798,GloRilla,14669686,10066,166,28822517
799,Bad Gyal,14652091,30734,405,16628326
800,WALK THE MOON,14602032,-284,410,18076284
801,Ankit Tiwari,14574366,32399,529,15591657
802,Blur,14536066,-43793,556,15167269
803,Aditya Rikhari,14535801,-17651,248,25858107
804,Little Mix,14535152,41864,287,19963380
805,She & Him,14528465,-40743,293,24879775
806,Dimitri Vegas,14520065,-4831,446,17182026
807,ELENA ROSE,14518551,-9677,707,15385600
808,4 Non Blondes,14495501,-52177,617,15533926
809,NLE Choppa,14489084,28367,181,24991591
810,Jory Boy,14486485,-7774,689,14760491
811,Frankie Valli,14474988,88689,746,14904104
812,Jósean Log,14474487,-4444,791,14514781
813,Nicki Nicole,14458675,-28433,173,27818511
814,Priya Saraiya,14453999,-12004,467,17930909
815,Zendaya,14438345,-22776,496,15259978
816,Artemas,14415532,33842,43,53546898
817,6ix9ine,14412336,-17997,584,14430333
818,Oliver Tree,14342870,-94564,85,33995315
819,Bazzi,14301652,4141,428,15007259
820,New West,14290892,150254,421,15372580
821,Eric Clapton,14275265,19108,550,14587730
822,Morat,14233347,-15894,344,16643863
823,Starship,14225833,15867,614,16156777
824,Snow Patrol,14224588,3969,754,14259447
825,Herencia De Grandes,14210147,66979,690,14940263
826,Raj Shekhar,14206855,6511,521,16273475
827,PNAU,14196751,12948,220,22323897
828,Darshan Raval,14195555,27941,286,20349184
829,Clarent,14195358,-2635,787,14562287
830,Tiago PZK,14182188,-26906,244,22623731
831,Robbie Williams,14166537,-17555,392,19224373
832,Abhijeet,14164821,-212,689,15079490
833,Indila,14139252,56740,777,14139252
834,Iyaz,14132998,-2332,655,15769288
835,John Lennon,14106997,-19612,76,48140403
836,Gesaffelstein,14105982,65922,273,19186476
837,Galantis,14105400,2983,338,18896883
838,DJ Japa NK,14088589,5184,443,19644779
839,Panda,14027863,16586,757,14745535
840,Chayanne,14027166,-3875,474,17052708
841,Dimitri Vegas & Like Mike,14022587,-23535,357,19897730
842,Gusttavo Lima,14013788,-4725,508,16168095
843,Latto,14001138,11364,74,38062951
844,Mario,13985570,27185,697,14314258
845,Haze,13909192,-20651,644,14269832
846,Kenny Rogers,13897107,-78127,466,20027029
847,Omar Camacho,13894995,21489,765,14187126
848,Shashaa Tirupati,13851674,65024,797,13851674
849,Polo G,13847181,16530,170,24908452
850,Altamash Faridi,13845642,-50278,530,14014344
851,LMFAO,13814968,-9836,803,14117059
852,Cher,13809954,-53519,217,25664744
853,Grupo Menos É Mais,13788368,-10016,410,21136047
854,Wham!,13785384,13340,13,81641878
855,Mc IG,13782981,23597,640,13814444
856,F3miii,13782320,-130299,630,16338661
857,Boza,13739861,-22989,763,14540085
858,Lunay,13728060,-12007,456,15718665
859,Anuradha Paudwal,13719713,2780,701,14939639
860,Dhanda Nyoliwala,13690882,-30225,855,13750590
861,Passenger,13656512,-32562,422,16765920
862,Bring Me The Horizon,13652169,13053,475,15125559
863,Yebba,13637248,212367,543,17084853
864,Olly Alexander (Years & Years),13635447,499,642,15993408
865,Pablo Alborán,13625720,47739,519,14872280
866,Mahalakshmi Iyer,13584186,-3422,732,14172899
867,Cody Johnson,13570322,21820,834,13784558
868,NewJeans,13566093,-29085,160,26786050
869,Mumford & Sons,13547199,-205,476,18478329
870,Arash,13536138,66957,479,17798006
871,Rammstein,13529776,4596,636,13745503
872,Brooks & Dunn,13515961,-96,714,14974078
873,Trueno,13503813,-26662,178,28176321
874,Tego Calderón,13492077,-8731,746,13772418
875,Laura Pausini,13462834,18716,517,16503545
876,Shekhar Ravjiani,13459517,20915,392,16282190
877,Bleachers,13458279,35895,513,18378309
878,Haddaway,13433476,-34105,753,14395604
879,Ciara,13411511,17184,639,13545452
880,Brray,13401132,-60114,405,16966488
881,Tina Turner,13372094,45736,308,19164105
882,Paul McCartney,13364895,24681,79,45898800
883,Kishore Kumar,13349838,-37345,732,14352851
884,Akhil Sachdeva,13318178,-563,844,14000303
885,blackbear,13293528,-199236,259,19962853
886,Danger Mouse,13284123,33469,523,17141937
887,Counting Crows,13283914,38434,713,14374666
888,Hindia,13256486,-30021,606,16594719
889,Jasiel Nuñez,13250555,-25614,713,13699095
890,Manu Chao,13232402,9169,523,17210183
891,Cloonee,13202131,-44565,840,14070915
892,Thaman S,13194891,21745,591,14566351
893,Soda Stereo,13193725,12903,654,13911236
894,Jay Sean,13191831,-26471,843,13589264
895,Alice In Chains,13179116,18094,893,13179116
896,The Mamas & The Papas,13163164,36214,622,13830643
897,Luny Tunes,13144797,73597,897,13144797
898,Willie Colón,13132461,5184,617,15904888
899,Max McNown,13128679,40413,853,13506444
900,Jorge & Mateus,13120359,10315,539,15856100
901,Ikky,13118212,8778,516,18001161
902,The Walters,13117472,104452,371,19385847
903,Cristian Castro,13098113,43956,757,14519230
904,Edgardo Nuñez,13067996,41859,431,16906197
905,Chicago,13058429,15136,790,13058429
906,Madhubanti Bagchi,13043779,15169,418,19090841
907,Spice Girls,13038906,21909,591,13418803
908,Shafqat Amanat Ali,13036802,21694,686,14058536
909,Hombres G,13033494,4084,589,14682087
910,Suki Waterhouse,13031531,29853,900,13066134
911,David Kushner,13027791,54450,143,27928294
912,Seeb,13027099,-20071,603,15667904
913,Jon Z,13023329,-27737,899,13066610
914,Hades66,13004757,54611,914,13004757
915,Modern Talking,12999459,-45446,651,13539206
916,Yng Lvcas,12990503,-24510,101,32431402
917,The Animals,12974566,47277,790,14166280
918,Leon Thomas,12965830,41504,507,16439450
919,MARINA,12964211,42369,688,14928338
920,J Alvarez,12959486,31889,916,12959486
921,George Ezra,12933293,33961,291,20125754
922,Hans Zimmer,12903164,34123,562,14714998
923,DNCE,12902768,29537,591,13727314
924,Nio Garcia,12897359,-21975,484,13791945
925,Micro TDH,12894103,-20648,732,12914751
926,Miranda!,12881576,44628,708,12881576
927,mikeeysmind,12874453,57213,543,17314961
928,MC Tuto,12865132,7594,400,18873532
929,Tammi Terrell,12859177,-4070,445,16282284
930,KALEO,12828132,31937,471,17159684
931,Morad,12782629,30116,478,16713544
932,Ñejo,12765745,21929,634,12765745
933,La Factoria,12759243,19257,888,13233790
934,Ash King,12723255,39010,934,12723255
935,Phantogram,12715657,51428,919,12771207
936,Neil Young,12706985,46783,936,12706985
937,Guru Randhawa,12694431,-594,524,17128875
938,Clave Especial,12680801,32855,560,15760396
939,Murilo Huff,12676235,-5051,623,13766085
940,Diddy,12668102,-21491,398,16823499
941,Natalia Lafourcade,12659843,5106,685,12900184
942,EsDeeKid,12643817,18754,355,22594407
943,RÜFÜS DU SOL,12630961,6309,872,13408202
944,Bomba Estéreo,12629984,-60631,290,18055394
945,MC GP,12629171,31660,792,12788883
946,Jeff Buckley,12625795,17052,865,13273503
947,Kansas,12622669,-145495,646,13264985
948,6LACK,12607125,9670,321,16978376
949,Yeah Yeah Yeahs,12599204,6514,816,12737787
950,NF,12593786,-17405,275,19447227
951,Van Halen,12582672,-50286,485,14349969
952,Avenged Sevenfold,12551282,43240,715,12817269
953,Nadin Amizah,12531808,-36283,848,13312903
954,KHEA,12510308,-33429,458,16911588
955,Jack Johnson,12487854,-9306,518,15485519
956,Arko,12486569,46707,807,12691118
957,Majid Jordan,12472424,23661,911,12762813
958,Eyedress,12448183,-1534,399,18287094
959,Espinoza Paz,12436571,-3691,956,12440262
960,José José,12434090,31697,751,13624656
961,Vivek,12430491,8527,956,12448979
962,MC Jvila,12417305,13124,961,12417305
963,Staind,12409679,89243,963,12409679
964,Virlan Garcia,12396515,18591,859,13352788
965,Mauvais djo,12383763,13997,760,14675364
966,ATL Jacob,12374211,51260,210,25072953
967,Simone Mendes,12367066,42482,533,18097316
968,Young Cister,12363517,-53064,512,17104142
969,Wheatus,12358418,-29909,914,12936201
970,Flo Milli,12329262,2295,262,22109344
971,Neeraj Shridhar,12327514,-20667,684,15385187
972,Dj Honda,12292431,-60129,940,12575808
973,Skillet,12281258,-3310,862,12430762
974,Chrystal,12280322,16883,448,18638803
975,Bella Kay,12279825,-23323,533,18126437
976,Casper Magico,12278890,-46460,936,12670935
977,Lionel Richie,12273114,706,641,13048162
978,SYML,12264774,45164,464,14726953
979,Flume,12258630,-17450,571,13480342
980,Kim Petras,12251328,30947,43,46551289
981,Ricardo Arjona,12250245,34508,838,12250245
982,Bradley Cooper,12233526,19185,457,16887959
983,Rudimental,12231587,1436,439,17290320
984,070 Shake,12225581,87359,101,30903161
985,Zoé,12220382,26439,973,12220382
986,Camila,12216309,29713,508,15900239
987,Banda El Recodo,12213375,4680,943,12328732
988,Ilaiyaraaja,12208341,-3371,883,12471602
989,Fat Joe,12206437,11985,989,12206437
990,DJ Nelson,12197386,-2717,453,16878140
991,Haricharan,12193129,-25376,836,12219090
992,A$AP Ferg,12190824,-15971,585,12719676
993,Boy Wonder CF,12186383,-47991,977,12255677
994,Mc Negão Original,12178971,2570,941,12688719
995,Johnny Cash,12160643,-6245,592,13632777
996,Thomas Rhett,12160341,-1146,520,16346595
997,Belinda,12155741,-16816,585,14390031
998,Surf Curse,12147857,-29529,319,20913105
999,Rage Against The Machine,12141442,28426,737,12141442
1000,The Ronettes,12124243,7347,48,54867497
1001,Ya Ice Dilan,12120959,-55064,974,12275638
1002,Mariana Fagundes,12118854,70987,971,12312994
1003,Em Beihold,12102170,53513,135,26666031
1004,Tokischa,12082083,6345,394,17115778
1005,Prospa,12064323,-49849,863,13725458
1006,Rey Tony,12060230,-65233,969,12346645
1007,Helabusador,12049317,-64293,972,12334370
1008,Gael Valenzuela,12031202,20907,884,12595006
1009,Jaideep Sahni,12028914,47467,741,13250375
1010,Sheila On 7,12023538,9030,773,14190957
1011,Belanova,12017780,-38606,787,12573810
1012,Romy,12002993,-71057,584,14694431
1013,Daecolm,11991567,85715,468,18322616
1014,MJ Records,11990489,-18483,867,13287613
1015,Waka Flocka Flame,11988848,50678,796,13652162
1016,Soundgarden,11980088,8743,1013,11980088
1017,Falling In Reverse,11961576,19517,1015,11961576
1018,King Von,11940492,13656,760,14239593
1019,JipMusic Global,11925304,-58925,988,12194326
1020,Leona Lewis,11916888,16203,295,23234916
1021,Mc Don Juan,11908476,15884,421,17278848
1022,Adolescent's Orquesta,11906837,33087,1005,11906837
1023,Ovi,11890952,211941,1023,11890952
1024,Léo Foguete,11884105,-10943,568,15080414
1025,John Summit,11868766,11556,732,14612255
1026,Laxmikant-Pyarelal,11854719,-12085,951,11873766
1027,Eddy Lover,11830358,5529,746,13283970
1028,Rvfv,11806316,148,647,13668758
1029,MEDUZA,11798344,-12197,222,22148251
1030,Maren Morris,11783183,-30584,432,14821271
1031,Kahitna,11782524,23908,1007,11980155
1032,Javed Akhtar,11769680,-3698,750,14254996
1033,Gerardo Ortiz,11764451,19427,888,11764451
1034,Juan Magán,11758196,11147,862,13419066
1035,Niall Horan,11749020,26734,129,27578996
1036,Ana Castela,11746337,-8849,324,20415436
1037,KDS,11726654,-65312,943,12596036
1038,ARJN,11725371,-67677,944,12595968
1039,Tom Petty,11717784,-38985,680,13944531
1040,Alvaro Diaz,11713148,-4244,487,16168880
1041,Grelo,11711372,117536,758,12242458
1042,Lucenzo,11701988,-46002,711,15117410
1043,Lady A,11691827,65320,878,11717395
1044,W&W,11678583,3863,440,17304881
1045,Luke Bryan,11675478,6446,601,13359939
1046,Sublime,11670362,5765,715,14903298
1047,Normani,11665553,12592,521,13231383
1048,Diego & Victor Hugo,11648864,47272,657,14851869
1049,Perunggu,11632398,-13692,991,12218246
1050,Jorja Smith,11630254,18783,469,16402144
1051,Ice Spice,11626368,-35052,49,47203544
1052,Intocable,11620642,17127,1049,11620642
1053,t.A.T.u.,11566007,5637,810,13493268
1054,James Hype,11545401,25507,460,13541656
1055,OMI,11541118,-15665,669,15480882
1056,CORTIS,11540465,-24631,910,12947465
1057,YNW Melly,11523039,26026,619,12098740
1058,Lupe Fiasco,11507035,-36095,1056,11543130
1059,Marília Mendonça,11506293,38440,398,14932890
1060,Strawberry Guy,11504133,5327,1011,11504133
1061,FIFTY4,11495275,-65681,973,12361510
1062,Jere Klein,11490906,-33630,601,13082461
1063,Keinemusik,11459056,-58127,233,25010459
1064,For Revenge,11450842,-19744,813,12765239
1065,Talking Heads,11450836,32540,696,14258907
1066,DMX,11448059,435,615,11692979
1067,Jason Aldean,11446758,-262,698,12793394
1068,Anand Bhaskar,11435180,29728,1068,11435180
1069,Kany García,11409795,-27408,600,13949342
1070,MC Leozinho ZS,11409516,49476,1070,11409516
1071,Armaan Khan,11404417,11809,595,16757602
1072,The Beach Boys,11399236,-29424,161,31364150
1073,Bailey Zimmerman,11397277,-6926,516,16608913
1074,Cutting Crew,11394990,-84180,1031,11723305
1075,Pet Shop Boys,11387752,6745,1040,11398133
1076,NATTAN,11386561,69848,560,15745231
1077,Kane Brown,11373543,-25023,418,18066809
1078,Santa Fe Klan,11367880,16060,576,12886402
1079,Cazzu,11363551,-12872,541,15540655
1080,Blood Orange,11357000,2526,918,11703599
1081,Birdy,11356501,4948,662,11832939
1082,Meet Bros Anjjan,11350639,25425,1082,11350639
1083,The All-American Rejects,11343106,-17179,1041,11360285
1084,Luan Santana,11337418,15015,479,15797554
1085,Sohail Sen,11333092,7331,973,11622776
1086,Chuyin,11331733,-8613,868,13238302
1087,Lily Allen,11328487,-28561,627,15559692
1088,OMAH LAY,11313574,-215,767,12738553
1089,Frankie Ruiz,11310908,16897,1034,11310908
1090,Zac Efron,11305820,7510,810,11487175
1091,YG,11294551,-4868,530,12471725
1092,Chris Jedi,11293054,-39702,736,11817178
1093,Trey Songz,11275829,27917,1091,11275829
1094,Faithless,11275262,8090,940,12560959
1095,Vanessa Carlton,11266076,30769,1056,11589655
1096,Fitz and The Tantrums,11265646,42692,756,13718383
1097,Aaron Smith,11264596,28162,824,13725317
1098,Cartel De Santa,11260261,-9621,376,15547760
1099,La Quinta Estacion,11256716,30569,964,11256716
1100,Rascal Flatts,11252441,19355,822,12938971
1101,Harshdeep Kaur,11245251,39645,838,13325314
1102,La Santa Grifa,11226499,1612,1098,11230378
1103,Navjot Ahuja,11218322,24544,1103,11218322
1104,Aaron Modesto,11215416,-3349,1079,11595321
1105,Mötley Crüe,11211786,-44921,917,11638540
1106,PEDRO SAMPAIO,11204363,99412,548,17166253
1107,Moneybagg Yo,11203095,19714,543,13691597
1108,Anuradha Sriram,11190057,6499,954,12273829
1109,Shubh,11186234,-13265,521,16571303
1110,John Denver,11179499,-921,600,13363125
1111,Kreamly,11178437,-58833,598,15470635
1112,Selena,11171126,2892,899,12095054
1113,Owl City,11166334,-21635,753,11335552
1114,LP,11164305,29703,1114,11164305
1115,LUDMILLA,11164021,15858,327,19760775
1116,Franz Ferdinand,11163999,-11323,967,11799638
1117,Mari Fernandez,11147349,78866,515,14086116
1118,Robyn,11142122,-16648,962,12538841
1119,CKay,11136996,37756,429,15504745
1120,DJ Oreia,11130418,394,900,11732615
1121,Roni,11110907,57655,1121,11110907
1122,GIGI D'AGOSTINO,11092168,2148,509,16063549
1123,The Doors,11089273,19832,576,14836797
1124,ZZ Top,11086691,-290,644,12484048
1125,Perera DJ,11081365,4692,1101,11088446
1126,Miguel Bosé,11071133,13665,653,11632240
1127,Descemer Bueno,11062944,-33697,776,13098653
1128,Jon Pardi,11054668,-12044,849,12925472
1129,Los Plebes del Rancho de Ariel Camacho,11042177,-22056,1119,11078609
1130,LANY,11040399,8265,768,12920122
1131,Russ,11025664,41460,365,17041050
1132,Banda Los Recoditos,11023336,5516,1129,11023336
1133,Beach Weather,11015813,18852,597,13538779
1134,Alyssa Grace,10990128,38625,1134,10990128
1135,The Rare Occasions,10974436,10587,1065,11484143
1136,Cameron Whitcomb,10964474,18953,1023,11850377
1137,Rekha Bhardwaj,10963669,-9901,841,12070009
1138,Adam Port,10957373,-61181,241,24739687
1139,Jeezy,10944730,-15925,1124,11042230
1140,Bronski Beat,10937492,103989,1140,10937492
1141,Shweta Mohan,10937411,24933,820,11531406
1142,Lil Tjay,10934535,-15193,268,19548091
1143,Kool & The Gang,10919573,-13662,875,12255956
1144,La Bouche,10907867,-10323,645,13267972
1145,Vijay Prakash,10866847,9572,968,11641153
1146,Hugo & Guilherme,10865049,90088,706,12194388
1147,Veigh,10862924,-222,794,10867961
1148,Tommy Richman,10833085,40932,47,50755802
1149,Hansika Pareek,10823815,-4737,839,12429407
1150,Jungle,10814993,54860,544,14773883
1151,Tyler Childers,10811517,5108,610,13302962
1152,MC LUUKY,10810801,28396,739,12764479
1153,Clementine Douglas,10801402,-5205,399,20042177
1154,Pesado,10797482,-14702,1148,10812557
1155,Incubus,10790864,21291,944,10968898
1156,Heart,10789597,-26206,717,11038628
1157,Alanis Morissette,10788804,23612,1063,10788804
1158,Disciples,10787869,-7755,755,12900735
1159,Olivia Newton-John,10787581,-19611,548,15711570
1160,LUM!X,10774664,33144,830,10774664
1161,Def Leppard,10769012,19219,994,10879580
1162,SAIKO,10768680,-4210,418,16442141
1163,Brandy,10768239,1503,880,10862726
1164,R3HAB,10766006,14528,210,23584295
1165,Carla Morrison,10761488,38886,565,11635580
1166,aespa,10751317,-29999,619,13739202
1167,ROLE MODEL,10745794,21006,896,12858876
1168,Satinder Sartaaj,10743254,72804,688,15106282
1169,Thirty Seconds To Mars,10737213,35658,874,10737213
1170,Kushagra,10720091,10296,701,15163550
1171,NOTION,10719905,-5289,532,16110494
1172,Nikhita Gandhi,10716762,-4797,485,15336893
1173,bbno$,10711571,7311,554,16617391
1174,DJ Goja,10711488,186686,1174,10711488
1175,Gur Sidhu,10703779,22761,1162,10703779
1176,Meet Bros.,10696632,9870,1014,11244525
1177,Saaheal,10693980,-61,696,14610774
1178,Vika Jigulina,10690912,-29519,939,12563873
1179,Emilia,10684732,-27089,337,19179139
1180,Wesley Safadão,10683315,47357,630,12636327
1181,Nakash Aziz,10680998,11978,819,12721900
1182,Simple Plan,10670340,31780,886,11590905
1183,Becky Hill,10670174,-7256,257,20058164
1184,Boston,10656982,-53779,921,12456941
1185,Suzanne D'Mello,10653415,-23413,1170,10739025
1186,Aretha Franklin,10651121,3032,475,17009365
1187,Fugees,10641447,-672,925,12003464
1188,LONOWN,10638006,-26506,1134,10927423
1189,Third Eye Blind,10635694,13127,1098,11096129
1190,Gnarls Barkley,10626008,42266,689,14315157
1191,Zac Brown Band,10624364,-27116,654,14262517
1192,MC Willian,10620437,-15510,1156,10878872
1193,Ryan Lewis,10615478,14455,181,27624928
1194,Jimmy Eat World,10614761,-27681,679,12294605
1195,Javed Bashir,10612340,-5448,843,12331820
1196,Avvy Sra,10606616,10866,978,10606616
1197,Dhanush,10596239,-3408,938,11519810
1198,Malachiii,10593848,-29064,262,23766421
1199,Patrick Watson,10570999,266,666,13136966
1200,Naresh Iyer,10566056,-10286,952,11956320
1201,Clams Casino,10547889,46079,803,13593796
1202,Dewa 19,10542618,10848,1128,10594117
1203,Rita Ora,10535503,7350,350,15748850
1204,Mika Singh,10521002,10476,958,11397193
1205,Mustard,10519863,1892,477,16679943
1206,Sum 41,10516932,-4795,788,11437182
1207,NAV,10510034,-1921,203,24009796
1208,The Stranglers,10508607,23729,890,12544458
1209,R. City,10503794,35916,1043,10688170
1210,Andy Grammer,10490018,-21664,733,11440409
1211,Pixies,10488571,-5035,778,10750034
1212,BIA,10480706,-12968,672,11587632
1213,Luísa Sonza,10479678,-22470,456,15591379
1214,Van Morrison,10468066,703,333,21361390
1215,DFZM,10467073,108303,359,20390668
1216,The Doobie Brothers,10464871,71543,616,15271641
1217,Bacilos,10463416,6269,750,11090942
1218,Krono,10462651,30839,947,12478240
1219,La Adictiva,10461472,-5111,647,11844888
1220,Key Glock,10448560,9469,444,16394056
1221,Swara Verma,10447474,20530,561,17180382
1222,Pierce The Veil,10439349,4840,977,10908499
1223,.Feast,10438724,-20821,738,13272374
1224,Elevation Worship,10435746,-8264,1109,10680615
1225,oskar med k,10435074,40422,905,12284579
1226,INNA,10429938,9480,646,13405922
1227,Bharath,10424727,-15776,767,14296981
1228,Thalia,10422195,45163,699,10663624
1229,Aitch,10394572,-8331,773,10402903
1230,Conjunto Primavera,10379162,-7119,1218,10421907
1231,Los Bukis,10373090,-11042,997,11759921
1232,Davido,10343682,-14698,851,11776085
1233,Florida Georgia Line,10343099,-2231,505,13886025
1234,Jul,10341037,-8521,1032,10859087
1235,Far East Movement,10340883,28998,1072,11194407
1236,Gloria Gaynor,10334285,56322,1127,11080640
1237,Stryv,10313245,-26164,266,23709586
1238,Redbone,10308238,-38457,647,13735798
1239,Modjo,10300638,-58894,886,13032610
1240,Andrés Calamaro,10292372,-8297,1128,10300669
1241,Mc Poze do Rodo,10280419,-9369,1113,11280740
1242,Ícaro e Gilmar,10275175,39588,1118,10720872
1243,Tippu,10272535,14625,1243,10272535
1244,Shenseea,10257423,-28415,210,27045924
1245,Mohammed Irfan,10255328,10280,1108,10255328
1246,Bobby Pulido,10252937,48274,1156,10846850
1247,Hanumankind,10245605,49146,244,24453289
1248,Mc Iguinho Ct,10239618,4696,1244,10252152
1249,Fourtwnty,10238550,-25905,408,19156171
1250,Current Joys,10236666,-22793,1242,10279687
1251,Don McLean,10216179,-54135,895,12898473
1252,Sonder,10213904,19168,1252,10213904
1253,Nidji,10211761,11293,1250,10211761
1254,The Magician,10199862,85291,966,12251392
1255,DJ Glenner,10197795,17594,721,12956235
1256,Antara Mitra,10196804,4275,852,12384408
1257,Vulgo FK,10180928,8350,944,10180928
1258,Spandau Ballet,10173495,39442,1127,11259505
1259,ENHYPEN,10172215,-18522,861,11080262
1260,Lainey Wilson,10167004,-12344,653,13541651
1261,Angel Y Khriz,10163875,-30603,1240,10215893
1262,CACAU CHUU,10162514,-10192,987,12316163
1263,$uicideboy$,10161363,10871,603,12765583
1264,2 Chainz,10155946,-21421,518,13825486
1265,Virgoun,10150100,287,1133,10630882
1266,Cafuné,10145588,35720,1019,10708451
1267,Andmesh,10141611,22237,818,11659415
1268,Jarabe De Palo,10141100,37934,848,11288754
1269,Skillibeng,10139420,-18293,237,25460164
1270,Yung Lean,10124211,241502,1270,10124211
1271,Stray Kids,10116700,-24688,682,14253317
1272,Carrie Underwood,10112303,-4509,663,11844710
1273,Lizzo,10102162,14615,105,30100497
1274,Bob Seger,10096557,-67983,1061,11359482
1275,Gregory Alan Isakov,10080628,-5449,1236,10086077
1276,Don Miguelo,10073292,-57435,794,14288133
1277,DJ DAVI DOGDOG,10069454,-25429,592,16541452
1278,Prasoon Joshi,10054133,5224,1133,10453809
1279,Mahalini,10051826,11120,708,12445107
1280,Smash Mouth,10040687,2498,817,11323052
1281,Santhosh Narayanan,10031873,-2950,943,10384118
1282,Willy William,10031266,-44804,780,11852662
1283,ILLENIUM,10019384,26314,570,12528350
1284,Jazzy,10016636,21520,812,12814714
1285,El De Las R's,10012611,55354,876,13249937
1286,R.K.M & Ken-Y,10006179,41037,1284,10063949
1287,Remmy Valenzuela,10001820,44445,1287,10001820
1288,Shalmali Kholgade,9988444,14359,1287,9988444
1289,Seether,9987089,19893,1281,10078594
1290,MOLIY,9986369,53596,234,25456317
1291,Cup of Joe,9984873,-16653,904,11642079
1292,JC Reyes,9983208,24825,902,12091724
1293,Carlos Baute,9971110,75049,1183,10166449
1294,Los Auténticos Decadentes,9967387,-1809,1284,9983036
1295,The Cars,9959203,-20624,1109,9979827
1296,Caifanes,9956118,-6711,1147,10157935
1297,Elderbrook,9948254,8222,1057,10145156
1298,Trap Capos,9942678,-86184,1209,10598593
1299,Stevie Nicks,9940719,36547,1033,10646401
1300,Manuel Medrano,9938609,17691,1044,10410819
1301,Nanpa Básico,9937762,16557,761,12996531
1302,KayBlack,9933299,15539,674,12399893
1303,Pepe Aguilar,9927356,-21011,1141,10163751
1304,Like Mike,9918504,-22991,519,15371036
1305,Simple Minds,9914218,-90556,937,10525528
1306,Estelle,9911707,26333,1082,11267841
1307,Moby,9910445,-13667,1125,10801809
1308,MC Marks,9909503,34164,879,11413079
1309,Diana Ross,9907558,8624,516,18294959
1310,Novo Amor,9904780,-21857,951,10491556
1311,Tim McGraw,9901693,54561,590,14643751
1312,Bombay Jayashri,9898042,-14937,1217,10440495
1313,Masego,9894165,16210,733,11852173
1314,Whiskey Myers,9888660,10883,1281,10047703
1315,Sachin Gupta,9886997,-39476,1113,10955425
1316,Fontaines D.C.,9886724,61696,1309,9941940
1317,Sevdaliza,9885475,35409,219,25431578
1318,Oruam,9885075,3750,613,13892210
1319,Blake Shelton,9881111,-2176,329,21028245
1320,João Gustavo e Murilo,9877737,131334,1320,9877737
1321,Talwiinder,9871736,21924,456,19782648
1322,Gangsta,9869171,-1341,776,13793201
1323,Of Monsters and Men,9865106,12649,958,11195537
1324,Jordan Davis,9852157,-6454,581,16992826
1325,C. Tangana,9848852,-22235,700,12666271
1326,Gulzar,9846925,7561,754,14264175
1327,Yasser Desai,9846642,4538,827,10055801
1328,Will Smith,9842781,-21054,819,12070095
1329,Del The Funky Homosapien,9841310,-15270,821,12407555
1330,Coi Leray,9838759,-4146,72,38479080
1331,The Calling,9837235,32731,1141,9993709
1332,Seafret,9836267,33141,480,12965413
1333,Dexter and The Moonrocks,9835507,61149,1308,9960289
1334,Thundercat,9833790,-6734,447,14506297
1335,Kenny Loggins,9831294,-32028,718,10716636
1336,Jawad Ahmad,9823465,-27684,935,12001368
1337,Almighty,9823239,76486,1337,9823239
1338,JR Torres,9821868,20641,1117,9891995
1339,Jessie Murph,9812798,-5153,462,18034844
1340,Dove Cameron,9792416,25789,367,15363797
1341,Alex Crichton,9783321,16596,1340,9783321
1342,Juicy Luicy,9775406,-42424,741,12110384
1343,iann dior,9745969,-37234,438,14436905
1344,Timmy Trumpet,9742130,1578,648,12643509
1345,Grey,9734868,-51899,913,10245384
1346,Guilherme & Benuto,9716931,-2704,525,14877807
1347,Simply Red,9704692,41449,1106,10157244
1348,Jamiroquai,9690267,-14079,1222,10407317
1349,Edicion Especial,9675327,22356,1341,9675327
1350,Ken-Y,9669718,6906,1267,10189492
1351,MC PH,9662141,10466,542,14958523
1352,Overnight,9653622,-15247,1341,9697512
1353,Breaking Benjamin,9652919,48686,1353,9652919
1354,MØ,9636870,-1203,966,11649158
1355,Ludacris,9633366,7052,1227,9743761
1356,Anand-Milind,9632475,-690,985,11717658
1357,MC Joãozinho VT,9622882,-5409,1173,10493333
1358,Eve,9592782,25983,1351,9592782
1359,Jombriel,9591954,85430,395,19174216
1360,Ely Oaks,9586000,-11979,687,13861795
1361,Slayyyter,9585005,4467,1332,9760164
1362,Father John Misty,9584118,11773,574,13624258
1363,The Hollies,9580113,15563,1023,10984766
1364,SOG,9576982,53218,656,13624856
1365,Simon & Garfunkel,9572866,-2873,488,16424922
1366,Café Tacvba,9570794,23068,1316,9684644
1367,Raghav Chaitanya,9569820,-27186,754,12272593
1368,George Harrison,9569382,-20762,977,10292276
1369,Jaymes Young,9566025,-7751,530,13123344
1370,Vidyasagar,9563345,939,1330,9791709
1371,M.I.A.,9551750,37262,799,11840863
1372,Melendi,9546656,-22821,1086,9706622
1373,Sujatha,9541830,4313,1216,9764543
1374,24kGoldn,9536220,-44202,393,15117675
1375,INXS,9526648,-2503,798,10326929
1376,Aleks Syntek,9526137,63511,1376,9526137
1377,S. Janaki,9523849,-4319,1153,9937065
1378,W Sound,9522102,-37691,217,26991606
1379,Naresh Kamath,9520913,15209,1060,10903417
1380,Ram Sampath,9509911,-746,472,16606741
1381,Naughty Boy,9500526,-59452,459,17088739
1382,Kenshi Yonezu,9496531,4722,1022,10997543
1383,Nina Simone,9495102,16676,990,9794101
1384,Bappi Lahiri,9494973,16811,951,12076602
1385,Ferrugem,9492781,10806,920,11959272
1386,Greeicy,9490045,7137,1141,9909952
1387,Harshit Saxena,9487695,8059,1271,10136435
1388,Filipe Ret,9485677,18565,973,9751661
1389,Alisha Chinai,9483638,16699,1075,10860025
1390,Rag'n'Bone Man,9483548,-12433,475,16109002
1391,George Strait,9479842,-7685,1052,10348227
1392,Alan Jackson,9479594,-11698,884,12121253
1393,Oh Wonder,9477677,-32909,902,9694956
1394,Idgitaf,9476401,-10551,468,19053894
1395,Her's,9455502,32651,1395,9455502
1396,Poppy Baskcomb,9451036,17533,1183,10438824
1397,Natalie Imbruglia,9449985,-54727,862,11016168
1398,Benny Benassi,9449332,-396,896,9962271
1399,Dewa,9448975,-7324,1374,9551081
1400,Felipe e Rodrigo,9428193,47325,1076,9837287
1401,Lasso,9424744,-17863,750,11949377
1402,Richy Mitch & The Coal Miners,9416702,10958,218,25801578
1403,Ele A El Dominio,9414135,-15746,1396,9447495
1404,Sin Bandera,9412391,24578,826,11035041
1405,Hiphop Tamizha,9409259,35175,1237,9409259
1406,Cults,9409140,92969,463,16570191
1407,Paresh Kamath,9406171,16382,1072,10800153
1408,El Fantasma,9405948,19550,695,12208875
1409,Alexis y Fido,9395026,15044,1197,9556405
1410,Franco De Vita,9395013,-2505,942,10292039
1411,X Ambassadors,9385821,20541,398,14934403
1412,MC Kevin o Chris,9379205,5777,317,19054899
1413,Jeninho,9377986,34235,1214,10360021
1414,Bruno & Marrone,9375432,36149,1153,9375904
1415,slxughter,9374305,-1241,508,18194112
1416,American Authors,9372489,12312,1078,10548983
1417,Feby Putri,9370012,-15046,911,11349254
1418,Toby Keith,9360712,-21464,760,14470164
1419,Oldilla,9360497,-30463,1328,9761870
1420,Eddie Santiago,9352970,21170,1316,9352970
1421,Duke Dumont,9346775,-24840,1043,10513657
1422,Pedro Capó,9343355,-42976,634,11680899
1423,ScHoolboy Q,9342309,27801,492,16556015
1424,Andrew Choi,9341570,8276,119,35817520
1425,Stone Temple Pilots,9340765,31356,1363,9732975
1426,BLOK3,9336180,-6538,1198,10012838
1427,HUMBE,9335521,15729,787,11828118
1428,Emmanuel,9330806,-15113,1089,9540993
1429,Ariel Camacho y Los Plebes Del Rancho,9330616,-5755,1402,9405592
1430,Jorsshh,9328924,777,850,11868364
1431,Genesis,9326613,15736,1096,10074977
1432,DYSTINCT,9326320,-38811,923,11501339
1433,Mani Sharma,9325652,-4894,1312,9720442
1434,Charlie Brown Jr.,9315984,17640,1288,9497490
1435,BUNT.,9309908,-6425,966,11027449
1436,Marta Sánchez,9308784,87389,1331,9360602
1437,Laura Branigan,9304725,-66970,1348,9439675
1438,Treaty Oak Revival,9304468,15372,1400,9304468
1439,Nick Jonas,9291016,-17455,844,9784277
1440,Tucker Wetmore,9289439,9594,1183,10634748
1441,El Chapo De Sinaloa,9282383,38748,1295,9282383
1442,Massive Attack,9277741,2630,1320,9383408
1443,Ifan Seventeen,9274100,-25606,877,13072089
1444,Ja Rule,9270358,14513,1266,9270358
1445,La Mosca,9263310,-11221,1313,9799008
1446,Valentín Elizalde,9262228,33074,1446,9262228
1447,Dj Samir,9260568,11681,554,16617810
1448,Ella Mai,9255345,83574,917,9628973
1449,Otis Redding,9254008,-7483,468,16801154
1450,Matchbox Twenty,9252357,11531,1116,9554554
1451,Rocío Dúrcal,9244482,11277,1103,10343452
1452,Kenia Os,9243801,-112146,634,13784879
1453,MNEK,9239005,16164,451,13903326
1454,Missy Elliott,9238268,-16068,622,11244503
1455,Royel Otis,9235566,29503,792,12707316
1456,Lyodra,9232064,31286,839,11343249
1457,Luan Pereira,9225209,122381,488,16440555
1458,Seal,9211306,21203,1458,9211306
1459,Masoom Sharma,9210750,344,851,12374121
1460,Iron Maiden,9207665,6165,937,9798979
1461,Calle 13,9204446,93911,1033,9761589
1462,Yami Safdie,9196400,-20878,673,13185058
1463,L7NNON,9194679,42073,583,12086026
1464,Queens of the Stone Age,9188058,27392,1037,9188058
1465,Ricardo Montaner,9177438,-5337,1040,9357670
1466,Zezé Di Camargo & Luciano,9164599,-13270,1384,9476632
1467,YUNGBLUD,9160744,13533,922,11642023
1468,Ricky Montgomery,9144078,15277,1010,10000931
1469,Alex Gargolas,9140034,-19029,1416,9424451
1470,Sidhu Moose Wala,9138139,19086,637,11847588
1471,Paloma Faith,9130865,-23364,579,11429573
1472,Fireboy DML,9130260,-685,778,10491359
1473,j-hope,9127980,20662,640,14274372
1474,All Time Low,9126741,26471,1081,9932255
1475,Alex G,9124173,17464,978,10156874
1476,The Red Clay Strays,9121875,31355,1197,9908006
1477,Cascada,9111595,23007,964,9859563
1478,Natanzinho Lima,9104883,17962,837,13479080
1479,Dan + Shay,9103739,6226,388,18547976
1480,Gopi Sundar,9098813,-403,1401,9123974
1481,Nas,9097690,9388,547,13392042
1482,Ivan Cornejo,9086029,19472,998,10619615
1483,Tom Petty and the Heartbreakers,9082799,1495,949,11709727
1484,Ana Gabriel,9082546,10895,911,11326664
1485,Tiakola,9075615,38069,1230,9075615
1486,CNCO,9068953,-6831,901,9608104
1487,Vacations,9066768,-19746,808,11167410
1488,Bernadya,9061947,-43722,505,16108630
1489,BØRNS,9060647,2542,820,10042261
1490,MK,9058140,-8933,726,13599192
1491,Cheema Y,9058058,14133,1377,9407056
1492,La La Love You,9057194,2835,1391,9515864
1493,Thee Sacred Souls,9056212,7328,1299,9359736
1494,H.E.R.,9051424,11694,516,13009255
1495,Gianluca Grignani,9051396,67667,1388,9531349
1496,prodshushy,9049038,31156,1194,10650905
1497,Dhvani Bhanushali,9044174,15705,665,11726344
1498,Andrea Bocelli,9042996,-5443,532,17003820
1499,Darius Rucker,9042807,-10251,1030,11513738
1500,Gera MX,9040714,8865,706,11401409
1501,KEVIN ROLDAN,9039893,-38091,1028,9094437
1502,Rico Ace,9037762,37389,680,15219424
1503,Panda Black,9036544,-35244,1201,10243012
1504,M. M. Keeravaani,9024705,20890,1058,9190736
1505,Efecto Elegante,9024403,20310,1505,9024403
1506,Montell Fish,9023577,17384,614,13623841
1507,Alta Consigna,9023139,-23676,1452,9259627
1508,Continental,9022807,31216,1496,9022807
1509,Caralisa Monteiro,9021097,58994,695,10989184
1510,Mohammed Rafi,9020882,-28941,1269,9455844
1511,James Bay,9014778,28694,571,12803948
1512,Two Door Cinema Club,9014697,41347,922,10284678
1513,Orochi,9009272,-389,919,10501022
1514,Jax Jones,9003019,-9593,354,17202952
1515,Yusuf / Cat Stevens,9002664,-14820,722,11465268
1516,Supertramp,9001642,-8908,770,11079047
1517,Gloria Trevi,9001005,11301,1232,9001005
1518,Dasha,8995377,19440,221,27379872
1519,Siddharth - Garima,8990674,1847,549,14517947
1520,Skylar Grey,8987721,-15802,741,12185951
1521,Colbie Caillat,8981385,50092,824,10144142
1522,Xamã,8970559,-1524,604,10846179
1523,Ghost,8967804,63033,778,10413273
1524,Santigold,8967507,68630,816,11592317
1525,Budi Doremi,8964835,-4729,1236,10128557
1526,KC & The Sunshine Band,8955977,-29674,1287,9734921
1527,Asake,8954277,-3144,821,11630505
1528,Los Temerarios,8949043,6164,1081,9316924
1529,Arthur Nery,8937237,17489,1290,9324116
1530,Zain Zohaib,8936999,222420,1530,8936999
1531,Harrdy Sandhu,8934636,31427,1034,10235875
1532,Saja Boys,8934529,5846,146,33239816
1533,T3R Elemento,8929535,61862,1533,8929535
1534,Ashanti,8927021,5558,1326,8944211
1535,Koe Wetzel,8924585,-17941,1141,11137083
1536,Fenix Flexin,8921235,4850,1437,9271456
1537,Sam Barber,8919547,10518,821,12141359
1538,MC Hariel,8917952,16770,810,11053901
1539,David Bisbal,8916973,57845,954,9614542
1540,Pantera,8914055,9471,1374,9113997
1541,Victor Valverde,8907837,17440,824,11817587
1542,Dread Mar I,8890857,15975,912,9900752
1543,Lil Jon & The East Side Boyz,8889379,-25612,1530,8915451
1544,Belinda Carlisle,8879287,-35498,1325,9898983
1545,Danilo e Davi,8876692,24547,1110,10410818
1546,Matuê,8874992,-3205,920,10210578
1547,Zé Vaqueiro,8873727,95669,1494,8873727
1548,Chaka Khan,8867900,34403,1479,9128535
1549,Grupo Mojado,8867661,47083,1549,8867661
1550,Avery Anna,8863016,98859,1041,9870680
1551,A-Trak,8860141,10186,1393,9395784
1552,Vairamuthu,8856755,2221,1463,8856755
1553,Panter Bélico,8856361,-4467,1123,8860828
1554,Arslan Nizami,8855604,16511,250,25758828
1555,Boyz II Men,8852850,-3891,997,10287493
1556,Hailee Steinfeld,8852426,-22259,440,14217074
1557,Humberto & Ronaldo,8844121,14845,893,10581548
1558,Ofenbach,8843752,-18859,392,18344823
1559,Ghea Indrawari,8843205,-3294,886,9641695
1560,Cast of Mamma Mia! The Movie,8837214,-32622,1404,9461530
1561,Imanbek,8823040,14111,280,18669813
1562,Na.Muthukumar,8821195,-10450,1434,8924403
1563,New Radicals,8819550,-3343,1559,8822893
1564,Luigi 21 Plus,8819153,-69295,1532,8908166
1565,MC RN do Capão,8809558,53593,1565,8809558
1566,MXZI,8806012,-24823,304,23191469
1567,Chino & Nacho,8802987,7315,1390,9503348
1568,Chevelle,8801183,49840,1568,8801183
1569,El Americano 4KT,8798212,139140,1569,8798212
1570,Fat Papi,8795414,22026,1218,10439702
1571,Kungs,8794923,-8063,401,16546336
1572,Wolfine,8792102,6145,825,10121369
1573,Mau y Ricky,8791926,-7398,489,12943019
1574,MC Cabelinho,8791664,1265,706,11710253
1575,Sophie Ellis-Bextor,8784365,-6747,226,23967750
1576,Kevin Gates,8782619,-11752,1058,10451599
1577,Piche Kota,8781363,-25681,963,12164731
1578,alt-J,8765116,-1653,843,10387663
1579,Afsana Khan,8764130,-30194,1068,10966225
1580,Chezile,8742927,11918,417,17952523
1581,Janet Jackson,8742652,-309,1088,10813396
1582,Loreen,8737586,8100,329,18358956
1583,Sybil,8718176,171464,1583,8718176
1584,Jamie Miller,8708691,220263,1288,8708691
1585,Juicy J,8707398,3960,1316,9944150
1586,Logic,8699802,-19706,431,13970820
1587,Paulina Rubio,8697173,1908,1085,8697173
1588,"Grover Washington, Jr.",8682303,-41903,1423,9391646
1589,Ha*Ash,8676794,2236,918,10568188
1590,Norah Jones,8671491,-34230,671,13400243
1591,Maiara & Maraisa,8668581,42587,622,13295151
1592,Mc Morena,8657842,19497,1228,9646762
1593,CountryBeat,8654160,63148,1363,9041395
1594,Jon,8652873,43192,1025,11150847
1595,Alan Menken,8651729,5631,753,10625887
1596,Jade LeMac,8648976,37166,1573,8704345
1597,Miranda Lambert,8645358,166799,847,10256405
1598,Mecano,8642093,11298,1371,8642093
1599,Mc Davi,8635607,24656,620,13937826
1600,D.O.D,8633773,16798,1056,10233882
1601,Kevin Kaarl,8633065,-18263,1052,9485489
1602,Danny Chung,8631890,7363,147,33181848
1603,João Gomes,8631578,16153,791,11470871
1604,London Symphony Orchestra,8626372,17659,842,11450057
1605,Manan Bhardwaj,8622083,-1593,247,24056763
1606,Jordin Sparks,8618329,-27968,1563,8739220
1607,Megan Moroney,8607850,-10482,975,11007729
1608,Matt Sassari,8607054,13013,722,12242661
1609,Sublahshini,8604442,10586,1059,10410621
1610,New Order,8603466,33601,1257,8878200
1611,Zerb,8594731,-11467,369,18649657
1612,George Benson,8592320,7410,1460,8758880
1613,Payal Dev,8592176,-1404,559,13540518
1614,Saindhavi,8588558,-15973,1461,8869515
1615,The Black Keys,8586302,-4150,621,13313966
1616,Eric Prydz,8584415,-24678,1204,9638866
1617,Los Invasores De Nuevo León,8576846,12615,1498,8650513
1618,Yuridia,8566388,-27371,569,11987029
1619,Ariis,8565099,-3503,374,20086807
1620,Rick Astley,8564044,-37487,1171,8989003
1621,Sooraj Santhosh,8563719,9375,1465,8737275
1622,Lauana Prado,8559894,19422,760,11452065
1623,Nemzzz,8558933,-119340,1091,9641939
1624,UB40,8554044,-1968,975,10102238
1625,PlaqueBoyMax,8550620,46242,1132,10143568
1626,Ajay Gogavale,8549933,60427,1563,8549933
1627,Shruti Haasan,8545356,-12032,1295,9809582
1628,Ray Charles,8538273,7906,849,11588192
1629,Sheryl Crow,8532795,1917,1054,9175986
1630,Sanam Puri,8530634,12401,1365,9446347
1631,The Temptations,8523567,-25226,631,13625814
1632,Yahritza Y Su Esencia,8523511,-39524,392,20665119
1633,Kyla,8518317,-19998,1612,8587710
1634,DENNIS,8516075,8601,432,17466515
1635,Elefante,8513532,19594,1554,8820359
1636,Julia Wolf,8501470,-17573,1242,9382480
1637,Puddle Of Mudd,8498156,-5368,1549,8880264
1638,Duncan Laurence,8493438,19120,847,9233454
1639,Eric Church,8488738,4156,734,13021035
1640,Moy Bobadilla,8487607,10653,1617,8487607
1641,BK,8486021,5781,1526,8486021
1642,dj andreoli,8483747,41594,1642,8483747
1643,El Rabbanito,8483315,204697,1643,8483315
1644,Pineapple StormTv,8480568,-4132,1118,8531871
1645,Gryffin,8475822,11528,654,10529526
1646,Kenny Chesney,8463828,-23005,867,11929223
1647,Noah,8461094,3120,1634,8485299
1648,Manoj Yadav,8453532,-1153,1528,8939216
1649,Edwin Luna y La Trakalosa de Monterrey,8450524,-2539,1647,8453063
1650,The Chemical Brothers,8445897,8961,1258,10073457
1651,DJ JHOW BEATS,8442118,68262,1651,8442118
1652,Kodaline,8441512,15101,836,10091624
1653,Yovie & Nuno,8434783,4783,1183,9324539
1654,Ella Henderson,8433021,-13095,364,17142204
1655,Grupo Niche,8428152,-4806,1338,8886848
1656,Madhur Sharma,8428077,67232,1013,8428077
1657,Mc Pedrinho,8424295,11762,766,10575967
1658,Rawayana,8421364,-1666,1227,9670761
1659,Shinedown,8414951,33923,1441,8501068
1660,Bronco,8412240,6999,1161,9102040
1661,Paul Simon,8407860,30480,932,10025073
1662,Rosa Linn,8407498,-95256,213,22368082
1663,Edward Sharpe & The Magnetic Zeros,8398650,-35811,1401,9492728
1664,Toploader,8397733,52218,1043,9701746
1665,Subodhh Sharma,8372712,-65511,1036,11868105
1666,Vijay Yesudas,8365947,4345,1479,8569794
1667,Mc Paiva ZS,8364455,27995,786,11925060
1668,León Larregui,8358763,21389,1295,8487046
1669,Lil Naay,8356274,4490,1665,8356274
1670,MC Nito,8355369,24922,792,13845894
1671,Jesp7Tearz,8352238,-68208,1212,10276169
1672,Etta James,8342632,15157,708,12288355
1673,Revol,8340361,-6978,1610,8660280
1674,El Malilla,8332406,18349,1142,9301048
1675,Los Money Makers,8331808,-60004,1580,8759749
1676,Judika,8330445,40385,1489,8895434
1677,Billy Ray Cyrus,8327266,-39387,1211,9149629
1678,Super Yei,8322792,-25835,1665,8348627
1679,Louis Armstrong,8318620,6242,331,20774856
1680,Ninho,8317944,9954,1193,8559026
1681,Ian Cordova,8310815,-16272,1295,9348891
1682,Trinix,8309148,1683,1050,11078796
1683,Audrey Hobert,8303946,-13614,1562,8854212
1684,Justin Prabhakaran,8303659,1939,1388,8976161
1685,Matheus Fernandes,8300692,24353,678,12407534
1686,Christopher Cross,8296745,-21140,1541,8860528
1687,Rajat Nagpal,8296130,22813,794,10791944
1688,Noor,8295048,8187,1354,9769142
1689,Jakes Bejoy,8294358,-3648,1298,8784173
1690,ZXKAI,8289993,2072,560,17123403
1691,Purple Disco Machine,8286266,8644,451,14934992
1692,Beastie Boys,8271185,-27966,776,10144142
1693,DANNA,8265482,-17971,1592,8635688
1694,Steve Miller Band,8265190,-26704,1032,9446287
1695,Los Gemelos De Sinaloa,8264624,77373,1276,9816769
1696,El Komander,8264005,26894,1093,9235654
1697,Iggy Azalea,8263660,-32040,1020,8438713
1698,El Coyote Y Su Banda Tierra Santa,8263064,12736,1660,8357951
1699,Astrid,8262877,6343,1663,8262877
1700,Air Supply,8258321,-7898,1161,9584116
1701,Mansheel Gujral,8257561,36503,1477,9033979
1702,Alejandra Guzman,8257165,-11307,1660,8289860
1703,Takeoff,8254311,122765,635,10587587
1704,Mc Jhey,8251500,6391,450,18841721
1705,Juhn,8250604,-15450,1634,8354474
1706,Neil Diamond,8246763,-26569,1101,10709020
1707,Ludovico Einaudi,8245172,11677,919,10189884
1708,DJ Guh Mix,8242706,-8777,1379,9016463
1709,Hungria,8237542,10448,949,9922581
1710,Mxrci,8234764,56245,1501,8234764
1711,JACKBOYS,8233999,-18131,391,20357710
1712,La Rvfleuze,8229967,57479,1712,8229967
1713,Blackstreet,8229636,10386,1504,8637738
1714,Batas Senja,8228111,-45508,925,11193360
1715,D-Block Europe,8221975,-9412,227,23915073
1716,Wolfgang Amadeus Mozart,8215614,9647,1223,8253968
1717,Shiraz Uppal,8214142,20356,1045,11207867
1718,Chance the Rapper,8213642,-1429,623,10952938
1719,Bhumi,8210736,-26872,1423,8650361
1720,Chris Lake,8194797,-1158,815,11248545
1721,Enya,8189562,-12594,1380,9053877
1722,KEVIN WOO,8189534,6715,148,33181105
1723,Khan,8186765,8294,1382,9640633
1724,DannyLux,8186365,37142,1391,8186365
1725,Los Dos Carnales,8183467,-15436,952,9759851
1726,Vierra,8182303,-16107,1198,9458072
1727,Lvbel C5,8182120,-34532,1210,10334896
1728,Neckwav,8179676,6642,149,33180332
1729,samUIL Lee,8179546,6282,150,33166165
1730,Harini,8178624,32099,1608,8178624
1731,Stormzy,8169006,3311,690,12387299
1732,Neon Trees,8165570,-13364,1062,9704227
1733,Fiersa Besari,8162480,-20060,1080,10066130
1734,Estevan Plazola,8154588,17287,1374,9015059
1735,Chris Rainbow,8153606,-74036,1592,8609603
1736,Lilly Wood and The Prick,8152998,48320,917,10680087
1737,Kavita Seth,8152532,-27014,1009,11748267
1738,Feist,8143457,27590,1738,8143457
1739,Rajesh Roshan,8142439,-11,1445,8554386
1740,Hermanos Espinoza,8139976,27340,1637,8368509
1741,Salim Merchant,8139945,19704,1301,9227396
1742,Dermot Kennedy,8137160,-18160,405,14690713
1743,Faye Webster,8117538,-2126,1269,8460069
1744,Vaibhav Pani,8116484,30683,1548,8116484
1745,Ginuwine,8107410,15412,1343,8352923
1746,Jøtta,8101832,71702,436,18112998
1747,Pooh Shiesty,8095497,27326,1735,8095497
1748,La Receta,8087891,24710,1481,8087891
1749,Madhurxo,8084045,7989,1405,9500948
1750,Lifehouse,8065849,-6110,1749,8071959
1751,Monica,8064723,-365,1037,9499309
1752,Royal Philharmonic Orchestra,8064145,-9348,1151,10240041
1753,Shakthisree Gopalan,8059354,-6735,1206,8856298
1754,Sayfalse,8058567,1772,526,17104132
1755,Cali Y El Dandee,8050949,23539,1004,8378982
1756,Huey Lewis & The News,8040548,-246916,1393,9450786
1757,Idina Menzel,8038242,2757,213,27851083
1758,Alex Ubago,8035171,-10777,1399,8045948
1759,GROUPLOVE,8034958,-40879,1096,9584851
1760,Eloy,8033921,111662,1668,8199393
1761,"Peter, Paul and Mary",8022620,-43355,1586,8727262
1762,Eros Ramazzotti,8019424,8034,967,11615427
1763,The Who,8016583,-10786,937,9119495
1764,Maanu,8003264,34914,713,13021766
1765,Varun Jain,8002193,6333,535,15576269
1766,Nico & Vinz,7998277,49187,1391,9380932
1767,Los Cadetes De Linares,7996003,-7165,1395,8087351
1768,Duelo,7995176,-21243,1438,8032630
1769,A Touch Of Class,7993415,60303,1445,8455742
1770,Ricchi E Poveri,7980061,1235,1199,8435848
1771,Orso,7977915,-47783,265,23709586
1772,¥$,7975507,-10933,106,34770239
1773,Jim Croce,7958903,47000,909,10628190
1774,Johann Sebastian Bach,7950608,14270,937,10160557
1775,10cc,7950455,39003,1695,8206302
1776,Sonny Fodera,7949866,5395,1077,10297368
1777,Randy Travis,7933495,27496,1634,8339050
1778,Annural Khalid,7932854,32993,716,12995740
1779,Gigamesh,7928744,-20062,1366,9520712
1780,Mc DR,7919148,72620,1780,7919148
1781,Mark Ambor,7918992,41777,134,35210214
1782,MC Cebezinho,7916179,23821,869,10985004
1783,Dhibu Ninan Thomas,7915859,-245,1530,7921668
1784,Europe,7914940,-3889,1117,9793984
1785,Mark Morrison,7911977,-34183,1329,8738830
1786,KAYTRANADA,7906047,-37723,894,10305443
1787,LeAnn Rimes,7897884,25265,1753,8006940
1788,Kaitlin Aragon,7897508,63592,914,12207412
1789,Big Mountain,7895475,29426,1426,9042908
1790,Dent May,7891089,17296,1282,8455438
1791,Deorro,7890017,-6805,952,9845311
1792,fakemink,7886518,9173,1317,9219648
1793,IV OF SPADES,7883163,-2778,1409,8670789
1794,yung kai,7873540,32835,324,20931396
1795,Drowning Pool,7871194,-243,1793,7871437
1796,K. J. Yesudas,7870141,-6460,1551,8261899
1797,Sanjay Leela Bhansali,7865075,24772,1234,7865075
1798,Mc Magal,7864857,7758,1602,8373133
1799,Savage Garden,7862514,-17094,1409,8431040
1800,Armada,7861585,28426,1769,7919821
1801,Corinne Bailey Rae,7860786,2499,1356,8388197
1802,Thamarai,7857422,15005,1675,7857422
1803,Vaali,7856517,10057,1792,7856517
1804,SDM,7855476,9939,1579,8227650
1805,Connor Price,7846111,25535,908,10348248
1806,Chris Grey,7844860,-6541,880,12686486
1807,AR/CO,7841132,-37830,1466,9071911
1808,Farhan Saeed,7833289,-30339,1743,7986378
1809,ARIA VEGA,7832610,67555,1765,7832610
1810,Pablo Chill-E,7823763,18672,999,9791126
1811,Pancho Barraza,7821966,26590,1811,7821966
1812,Willie Nelson,7820598,4216,568,14219269
1813,Crystal Castles,7818560,-3701,1190,8378204
1814,The Living Tombstone,7817172,26064,738,10920356
1815,Kunal Ganjawala,7816417,-11782,1755,8009583
1816,LIT killah,7808456,-10219,383,16770036
1817,Vikram Sarkar,7804746,36746,1212,9528995
1818,Lil Jon,7804270,3303,1172,9017195
1819,HAVEN.,7803673,61436,916,12201667
1820,Maisak,7796671,-78281,1011,9911623
1821,Maggie Rogers,7794128,-3876,866,10798867
1822,Gerardo Coronel,7784714,-1237,806,9613040
1823,Andra & The Backbone,7766179,-31025,1511,7900850
1824,keshi,7764244,36739,504,13668403
1825,Codiciado,7757195,19428,1171,7757195
1826,rainy bear,7755427,-41851,1084,10887314
1827,DEV,7755261,15388,1718,8134003
1828,wave to earth,7753182,-129,1122,9233028
1829,Luck Ra,7749661,-15698,571,14861035
1830,Navaan Sandhu,7747262,-7715,1377,9388614
1831,Turma do Pagode,7746793,-531,798,13990395
1832,Pranaay,7743658,-35006,1673,8362040
1833,Paris Paloma,7735520,6907,1399,7792078
1834,Malive,7732505,-21280,1177,10641982
1835,Pa. Vijay,7731799,4213,1835,7731799
1836,Nat King Cole,7731773,10565,58,52086497
1837,42 Dugg,7723846,27540,816,9279623
1838,Faouzia,7722471,79716,1838,7722471
1839,Los Angeles De Charly,7722040,-37051,1757,8001318
1840,Sagar,7719504,14541,943,10750087
1841,RADWIMPS,7717643,25999,1315,7717643
1842,Amanda Miguel,7715403,11182,1790,7715403
1843,Hugh Jackman,7714137,9063,1385,7978156
1844,Ayushmann Khurrana,7712520,-11522,1037,10092402
1845,Armand Van Helden,7711660,19450,1689,8103707
1846,Ke Personajes,7705913,-23336,595,13811908
1847,Pabllo Vittar,7704927,31467,242,24426272
1848,Marilyn Manson,7699572,4087,1277,7805126
1849,Gerry Rafferty,7696693,-29131,1485,8911527
1850,Sorriso Maroto,7696291,9168,1053,10933086
1851,Mayur Puri,7693714,7897,1686,7758481
1852,Hearts2Hearts,7693509,-26454,1365,9169579
1853,SNAP!,7689436,-33019,1730,8085576
1854,Mc Kevin,7683881,3017,1418,7683881
1855,Supernova Ent,7681268,11633,1046,8671451
1856,bbyclose,7674021,16621,884,11671300
1857,Crazy Town,7670687,18353,1747,7670687
1858,Ben&Ben,7668386,-62581,1296,9671837
1859,Leo Dan,7668296,2751,871,11063313
1860,Felipe Amorim,7658363,19907,628,13305848
1861,Damian Marley,7655522,-13721,1499,8111816
1862,MKTO,7653999,12587,831,11109215
1863,Corona,7651014,760,1596,8390677
1864,Rise Against,7646819,5756,1158,8435349
1865,Crazy Cousinz,7641474,-51567,1752,8020144
1866,Dexys Midnight Runners,7639937,-20429,1679,8039595
1867,Kybba,7638608,-20079,1464,8299305
1868,Kerispatih,7633061,-1052,1702,7635572
1869,Young the Giant,7631455,44987,1181,8612009
1870,Beck,7626838,-9247,1214,7643516
1871,Nuca,7626049,-27302,1601,8336506
1872,Saaj Bhatt,7625617,-14706,1289,10058932
1873,Mr. Probz,7620477,-66823,937,11131059
1874,Quality Control,7619135,11536,1305,8810760
1875,Arunraja Kamaraj,7609496,9036,1325,7609496
1876,Jamie Foxx,7607284,1698,1708,7792527
1877,Mrs. GREEN APPLE,7604915,11488,1499,7905526
1878,fitterkarma,7597764,10867,1277,9590917
1879,Papon,7596670,881,1087,10183185
1880,Tochi Raina,7589826,-6182,860,12343496
1881,Powfu,7582102,-60015,913,9966417
1882,DJ GORDINHO DA VF,7581484,-25018,1575,8759168
1883,Kabilan,7580734,-5253,1557,7884799
1884,Shweta Pandit,7578094,3328,1497,8465523
1885,Afgan,7577004,33134,1312,8022406
1886,DJ TOPO,7574559,17556,721,12220776
1887,Fujii Kaze,7567025,1617,584,11578504
1888,Billy Ocean,7564762,20548,1497,8214167
1889,Marquinho no Beat,7563594,-5053,1138,8427136
1890,Tiara Andini,7560852,38655,866,10840945
1891,MC Rick,7554809,-21383,1026,9814519
1892,Grimes,7554302,17182,1449,8511683
1893,DJ Gu,7554156,-13870,1581,8518292
1894,pupsies,7548311,-38025,1405,9485688
1895,Sasha Alex Sloan,7539065,7835,463,14497829
1896,Rob Zombie,7536752,-43665,1495,7653944
1897,Ye,7535136,-26605,456,19575128
1898,Madan Mohan,7534425,2180,1815,7649426
1899,Nancy Sinatra,7533523,880,1565,7959152
1900,Clara La San,7533453,40947,1502,8114908
1901,Player,7530878,35613,1563,8278558
1902,Travie McCoy,7530813,49458,1073,9499530
1903,Yovie Widianto,7527056,-4182,1235,9084698
1904,The Bausa,7525245,-39021,1347,9706249
1905,Vincent Mason,7520327,61550,1755,7922991
1906,Asim Azhar,7519049,17435,1653,8428386
1907,Shinda Kahlon,7517788,7121,770,10540796
1908,Steely Dan,7515174,12315,1488,8668370
1909,Bakar,7510216,-11599,461,16733660
1910,SOFI TUKKER,7507405,25380,972,8283427
1911,"Sergio Vega ""El Shaka""",7505936,-14244,1890,7523672
1912,Joel Corry,7505466,-5058,301,18601830
1913,JP Cooper,7486386,-6717,826,8964796
1914,Grupo Arriesgado,7480726,15809,1399,7618579
1915,Wallows,7479847,35840,648,13176091
1916,Miky Woodz,7475074,-3992,1693,7608845
1917,Ludwig van Beethoven,7473977,-2797,1120,8513329
1918,Mobb Deep,7472931,19114,1354,8778398
1919,Rauhan Malik,7471120,1612,771,13152103
1920,Glenn Fredly,7467700,-30348,1508,8361551
1921,Alexandra Stan,7465964,-11264,1413,9160188
1922,Sonique,7465942,34140,1530,8264909
1923,MIKA,7460795,17604,1168,7834857
1924,Richard Marx,7460501,9861,1840,7740305
1925,JISOO,7456383,-165515,358,16659396
1926,Kalpana Patowary,7454550,15781,1202,9768609
1927,Route 94,7454115,40875,1352,9494170
1928,James Blake,7453506,-2657,582,12512105
1929,Paresh Pahuja,7447371,21470,1039,11224605
1930,Victony,7445160,4028,1453,7820197
1931,Videoclub,7442315,28144,1931,7442315
1932,Kelsea Ballerini,7441750,22523,649,10785406
1933,Kalyanji-Anandji,7436001,-10096,1371,9085304
1934,Ranjith Govind,7435146,4785,1727,7594645
1935,SAMSONS,7433102,48666,1502,8151590
1936,Prashant Pandey,7419779,-26279,764,11660260
1937,Guaynaa,7412923,23964,923,8534285
1938,Mc Pelourinho,7412052,78303,1938,7412052
1939,Marcos & Belutti,7403908,49779,1555,7403908
1940,Amir Ameer,7402064,-832,755,13346030
1941,Adrianne Lenker,7400478,13423,1430,8273046
1942,Jacquees,7399890,42011,1629,7399890
1943,PSY,7398661,14000,1429,7761727
1944,Imael Angel,7397344,-337552,778,14679365
1945,Justice,7395226,-4902,705,12810693
1946,ATLXS,7395008,-16569,318,22084739
1947,The Proclaimers,7388454,-15145,1304,8284611
1948,Utopia,7388202,35792,1912,7388202
1949,ATEEZ,7384525,-9540,1925,7413955
1950,DJ Paleface,7381500,-51749,1791,7919305
1951,JP Saxe,7381285,-8666,898,9580582
1952,iZaak,7380026,-17179,823,11300905
1953,D. Imman,7378334,11595,1951,7378334
1954,Robin Thicke,7375214,36893,1594,7637946
1955,HARDY,7368455,2002,800,11792487
1956,Isabel LaRosa,7368366,13652,323,21221325
1957,Portishead,7365659,48671,1957,7365659
1958,BABYMONSTER,7364829,14666,953,10072324
1959,MC GH do 7,7358732,18269,932,9797437
1960,FKJ,7357993,7875,1072,9168066
1961,Aqua,7357657,-1785,61,41819994
1962,Pablo,7356485,8317,1921,7423772
1963,The Kinks,7353697,-22848,1256,8121997
1964,Naykilla,7350979,-47292,1117,9854400
1965,Marlon Hoffstadt,7350715,-12316,1696,8167901
1966,Gustavo Mioto,7349683,-12803,616,12902041
1967,Clayton & Romário,7343832,46797,1130,9962911
1968,Shouse,7335830,47077,530,13218201
1969,Last Child,7328920,726,1014,9958369
1970,La Sonora Dinamita,7322713,-1052,1457,8703325
1971,Culture Club,7321988,-23176,1331,7550960
1972,Klaas,7319883,40414,1592,8200372
1973,MF DOOM,7319297,21691,1061,9588344
1974,Denzel Curry,7312713,-614,985,9386560
1975,The Wanted,7308346,-22289,1178,7824686
1976,Hillsong UNITED,7296111,-13799,1641,7686106
1977,Kardinal Offishall,7295315,-52587,1418,8868696
1978,Joy Crookes,7281982,57,1942,7365210
1979,Riton,7280267,-2041,685,11432336
1980,Mamta Sharma,7274921,107,1547,8187610
1981,Lalo Ebratt,7271721,-10628,1289,7526430
1982,Dom Dolla,7271288,57424,977,10582599
1983,Zé Felipe,7270927,29901,544,15297326
1984,Axwell,7267041,-262689,860,12407426
1985,Prashant Ingole,7265627,-11990,1765,7281209
1986,Bipolar Sunshine,7262873,-4835,1257,9469813
1987,Rizky Febian,7259682,34770,845,12548956
1988,Adnan Sami,7259207,5665,1251,9207923
1989,Skusta Clee,7254967,15431,1410,9214806
1990,Omega,7249560,-12096,1062,8303230
1991,Grupo Cañaveral De Humberto Pabón,7247541,16203,1828,7433924
1992,Jenni Rivera,7241219,-2151,1683,7755456
1993,José Luis Perales,7240866,24040,1784,7330261
1994,Eric Carmen,7229075,-14130,1387,8187051
1995,Joan Jett & the Blackhearts,7225343,-33687,734,12101033
1996,Nessa Barrett,7221457,1843,855,11023137
1997,The Rish,7218520,31057,1442,8339371
1998,Pradeep Kumar,7218431,-2000,1641,7227378
1999,Pirlo,7216502,123673,1688,7343146
2000,Celia Cruz,7213537,1709,1348,7308108
2001,Unnikrishnan,7213020,-4593,1624,7527774
2002,PLK,7209503,-14141,1706,7799342
2003,MixSingh,7200445,9956,1000,10856954
2004,Canserbero,7196600,4206,1412,8627715
2005,Standly,7193749,53381,438,13833044
2006,Theodora,7190396,27341,1585,8243571
2007,Natiruts,7188472,17222,1397,8820281
2008,Odetari,7186302,12526,611,14062107
2009,Clinton Cerejo,7184904,9956,1739,7235308
2010,Forrest Frank,7182579,-18445,1136,9833748
2011,Internet Money,7174150,3292,587,11545527
2012,Commodores,7171694,1944,1314,8437437
2013,WIU,7169771,-6858,701,11201412
2014,MC Vine7,7167437,-15883,1502,8629752
2015,Wu-Tang Clan,7163988,-21307,1419,7930207
2016,Michael Giacchino,7163850,-2812,1165,9947423
2017,Hillsong Worship,7160404,1541,1466,8210224
2018,Fidel Rueda,7160007,-10743,2007,7171574
2019,Mukesh,7147848,-16409,1458,8222247
2020,Lithe,7144359,10718,819,11183806
2021,Sky Rompiendo,7140732,-5673,403,16344563
2022,Chance Peña,7139000,30410,564,14147981
2023,Duncan Dhu,7136029,4202,1515,7372893
2024,YOASOBI,7131655,11115,760,10365956
2025,Roy Orbison,7131433,-28090,674,12770696
2026,Luis Enrique,7130023,50173,1141,9043727
2027,The Cataracs,7123946,8134,1901,7505806
2028,Irene Cara,7123673,-6319,1200,7983150
2029,Marcell,7121954,34260,2029,7121954
2030,MC G15,7119299,19656,648,13493517
2031,Nicky Youre,7110754,19870,362,16422807
2032,Payung Teduh,7105796,-6969,1812,7474193
2033,Chimbala,7103847,-26131,982,10068152
2034,Dr. Dog,7101927,-29996,1885,7365372
2035,Péricles,7101509,11525,1277,8327598
2036,George Henrique & Rodrigo,7101185,20058,1024,9297307
2037,Shiv Tandan,7100632,16520,1074,10940480
2038,Robin S,7092148,24897,1832,7604915
2039,Nightcrawlers,7085255,-13646,1172,8701724
2040,Alice Deejay,7080460,-7910,1525,8316987
2041,Djavan,7079827,12258,1963,7281798
2042,Katteyes,7078707,3981,1135,9968926
2043,Muni Long,7074684,38449,526,14925072
2044,Ivy Queen,7072646,-25232,1120,8638673
2045,Jigar Saraiya,7071813,7394,1300,9061192
2046,Jet,7070728,-16581,1229,9183343
2047,Flex,7070511,10399,2046,7070511
2048,Legião Urbana,7069623,31445,1942,7069623
2049,Shadab Faridi,7068723,-9778,584,12567527
2050,Gravagerz,7063261,6519,1618,7367144
2051,K'NAAN,7060986,18971,956,12223295
2052,Carpenters,7050550,5354,428,17864695
2053,Kiki Dee,7048775,-23729,1212,8483727
2054,Gloria Estefan,7042460,-10689,1163,7805190
2055,Blu Cantrell,7039270,-5041,1877,7319267
2056,Stebin Ben,7035781,15589,636,13780383
2057,Robert Smith,7033423,6442,885,12978124
2058,Enur,7028973,50713,1663,8113048
2059,AJR,7026504,2494,576,11478322
2060,Why Don't We,7021982,5815,881,9309552
2061,Westlife,7017465,-3905,1466,7109600
2062,Rey Vaqueiro,7016721,21564,1953,7242224
2063,Deep Purple,7014749,26183,1331,7504454
2064,Goodboys,7011482,9904,508,12349197
2065,Good Charlotte,7010505,-1956,1549,7436883
2066,Reyli Barba,7009263,-39621,1690,7111787
2067,DJ Dael,7007683,28001,1469,8012335
2068,Javed-Mohsin,7000183,-8744,782,10540320
2069,Bethel Music,6993665,-13406,1691,7469605
2070,Abhay Jodhpurkar,6987115,7314,2025,7085281
2071,Antonio Aguilar,6982037,11353,1978,6994082
2072,Silvestre Dangond,6981127,3858,1922,7271717
2073,Anand Bakshi,6974471,15410,1401,8960362
2074,Hollow Coves,6970545,-32660,1489,7291823
2075,Ali Gatie,6970386,9957,756,9794001
2076,Jennifer Warnes,6969979,11179,1732,7683096
2077,Motionless In White,6967031,5993,2049,6967031
2078,Marino,6965598,30386,1188,9462293
2079,Gilberto Santa Rosa,6964188,-1633,1287,8943618
2080,Monali Thakur,6962700,-20288,948,10320185
2081,Chalino Sanchez,6961094,-12940,1591,7862102
2082,Seventeen,6960565,-38604,1167,8279783
2083,Neoni,6958222,16613,1442,7458050
2084,Chirantan Bhatt,6957652,-15728,1874,7604772
2085,MC Murilo MT,6956883,82617,2085,6956883
2086,Ángela Aguilar,6953938,-19036,619,13090032
2087,Gazo,6952990,-6221,982,9106967
2088,João Bosco & Vinícius,6952431,19038,1804,7810946
2089,LUCKI,6951964,30675,1461,7688294
2090,Dj GM,6946158,27643,939,10170662
2091,Bunny,6945958,4006,1178,8926165
2092,Lee Brice,6945161,16542,1012,8632311
2093,Sfera Ebbasta,6944238,-8875,703,11111971
2094,Rod Wave,6943147,-6594,826,10144129
2095,Ramajogayya Sastry,6941630,6246,1292,8274252
2096,Werenoi,6934316,1162,1474,7995218
2097,Adrian L Santos,6930770,45554,1803,6930770
2098,Bad Omens,6928418,-904,1784,7206110
2099,Anyma,6927206,-9225,1056,11277725
2100,Chorus,6925271,-5559,1485,8414767
2101,Chitãozinho & Xororó,6923200,21703,1611,7165639
2102,Omar Varela,6921000,-40153,1108,9139545
2103,Meryl Streep,6919752,-27567,1900,7470491
2104,Metric,6916681,31286,2104,6916681
2105,Ana Bárbara,6912991,-3848,1387,7052519
2106,i-dle,6903929,-4442,566,13699591
2107,Delacruz,6903047,-8961,1446,7499284
2108,YOVNGCHIMI,6901628,6790,586,12923482
2109,ANAVITÓRIA,6889928,-4611,1763,7116124
2110,Mano,6889809,-4198,1686,7607919
2111,Warren Zeiders,6888552,26940,1201,8549333
2112,Raúl Beltran,6888091,8041,2019,7100859
2113,Twista,6887611,38,1798,6889352
2114,Julliany Souza,6884584,-11481,1979,7126884
2115,Swarnalatha,6883461,-3503,1685,7593358
2116,Loud Luxury,6881468,-10363,593,12238932
2117,Take That,6880014,5078,1585,6880014
2118,Akbar Chalay,6875599,-20883,1778,7977422
2119,Florence Welch,6869430,-9998,1642,7559128
2120,NEIKED,6865346,21080,1184,6916544
2121,SAINt JHN,6864232,-6630,614,10813983
2122,riserayss,6863015,-11987,1760,7842172
2123,Frédéric Chopin,6859802,8734,1249,8079088
2124,Spin Doctors,6857863,6533,1730,8127273
2125,Baby Bash,6852434,27810,1936,6995109
2126,Deepthi Suresh,6852377,-12539,1204,9586304
2127,Intense,6848202,4751,1018,9870097
2128,Flow G,6845676,7769,1525,8646254
2129,Brandon Lake,6845414,-16700,1680,7794034
2130,La Joaqui,6842811,-13716,610,10853959
2131,hey daisy,6840568,14328,426,14690270
2132,Paul Anka,6840359,-15781,2005,6863750
2133,O Rappa,6837125,45981,2072,6981201
2134,El Bebeto,6833812,-10997,2061,6844809
2135,Michael Sembello,6832591,3475,1502,8786511
2136,Beach Bunny,6827919,-12287,951,9416022
2137,REO Speedwagon,6827461,-562,1393,7462185
2138,Taiu,6823558,-2753,449,16743687
2139,BL3SS,6823230,14601,879,11028027
2140,Carly Simon,6818498,14388,1410,7717456
2141,The Greatest Showman Ensemble,6815184,-1142,1583,7118574
2142,Millonario,6812868,2676,1842,7456428
2143,Ana Torroja,6810014,63204,2143,6810014
2144,PAWSA,6809492,-9574,969,10683613
2145,Chefin,6803715,7953,975,9515372
2146,Aaliyah,6803440,3133,1248,7854737
2147,h6itam,6802330,-18827,1109,10958645
2148,El Cuarteto De Nos,6799259,6714,2146,6799259
2149,Fatboy Slim,6792358,5478,1083,7929652
2150,Whitesnake,6786948,645,1605,7303924
2151,Deva,6786062,-1382,2040,6797569
2152,Los Carnales de Nuevo León,6781779,-9272,2148,6791051
2153,DJ Shadow,6777680,-51693,2004,7145470
2154,Kid Ink,6777087,-6748,1620,6951153
2155,Zach Top,6774393,-4081,1381,8563425
2156,88rising,6769410,9367,1034,9521520
2157,Fronti,6761943,-3213,2157,6765156
2158,Vignesh Shivan,6758656,7719,1936,7170922
2159,Banda Machos,6756287,54820,2159,6756287
2160,Mainstreet,6755704,-2536,781,11206118
2161,LEGADO 7,6754844,-21897,2122,6842750
2162,Yura Yunita,6750977,-3627,1377,7417535
2163,Bir,6749442,-27850,1586,8189415
2164,Jimi Hendrix,6745407,-16002,791,9903151
2165,Fonseca,6742874,-6413,1363,7462894
2166,The Lantis,6736851,-39134,1074,9590648
2167,Khruangbin,6734175,-14045,1254,8062646
2168,Kane Rodriguez,6733443,10105,1710,7731505
2169,Extreme,6726705,-20552,1696,6853555
2170,Tropa da W&S,6724799,-15501,1125,9989760
2171,Jerry Rivera,6724383,10801,1827,6726209
2172,Baby Rasta,6723195,-32777,609,10986033
2173,TOOL,6715191,8117,2072,6770115
2174,Marina Sena,6714291,16743,1298,9304304
2175,Al Green,6713412,7226,1353,8634639
2176,Madcon,6708444,4150,1244,9530336
2177,BIGBANG,6708437,-30922,1267,8485246
2178,Milky,6707060,-32877,744,14682855
2179,MOONLGHT,6705143,-1368,1766,7716550
2180,December Avenue,6703034,-8871,1219,9428208
2181,BANNERS,6700131,28970,1183,7491040
2182,Adie,6697218,-23634,1880,6720852
2183,The Paper Kites,6696347,-401,1012,9360166
2184,Francesco Yates,6691161,-28271,1092,9410405
2185,Martinwhite,6690703,-14232,1713,7992203
2186,Grupo Bryndis,6686839,8924,2039,6771402
2187,Yugabharathi,6686440,15691,2123,6686440
2188,Red Velvet,6680764,8989,1034,7780995
2189,SEKIMANE,6675508,-9269,1330,9672587
2190,Unjaps,6672875,33581,995,11412450
2191,Motive,6671432,-19018,2079,6937432
2192,Rivo,6670810,27582,912,10530227
2193,La Unión,6665925,1966,2107,6882831
2194,Tayc,6665090,11833,948,10101485
2195,Shiva Choudhary,6664589,12142,1948,6791057
2196,Slowdive,6658441,39765,2196,6658441
2197,Ana Mena,6652975,-25210,1322,8059640
2198,Vijay Antony,6648659,24661,2120,6690599
2199,Sam Feldt,6648516,-10505,435,15313300
2200,Ade Govinda,6647211,82608,1445,7778565
2201,Corey Taylor,6642790,46027,2201,6642790
2202,Sam C.S.,6642280,-6343,1398,7531884
2203,Lil' Kim,6634994,38627,1758,6634994
2204,Gavin Adcock,6630578,29258,2046,7024240
2205,Cornelio Vega y su Dinastia,6627900,-9440,1994,7019019
2206,Two Feet,6623058,-11696,856,9668762
2207,Diego Verdaguer,6622991,-1162,1671,8102303
2208,Men I Trust,6620438,-25883,844,10199300
2209,Loe Shimmy,6619622,58718,1626,8349930
2210,Dean Martin,6617792,33999,32,63972741
2211,Serj Tankian,6616981,48566,2211,6616981
2212,Spice,6616860,16185,1992,6764435
2213,Kelis,6609787,48992,907,11872059
2214,LENCHO,6609762,37472,1256,9858469
2215,Wyclef Jean,6609148,7616,1606,7244217
2216,MC Menor da VG,6607116,14586,2216,6607116
2217,Ado,6606859,1184,1237,8717575
2218,Five Finger Death Punch,6606461,1753,1192,7365100
2219,Lola Indigo,6601788,-32829,555,12485738
2220,Hiten,6601471,55440,1336,8278942
2221,Ed Maverick,6597668,-5410,1492,7184723
2222,Elle King,6592974,-4472,1096,9342061
2223,Ebru Gündeş,6591627,-12433,1828,6999533
2224,Sickick,6591343,-79,1462,7117537
2225,Dadju,6590774,3661,1375,8032601
2226,Henrique & Diego,6589970,12460,2111,6861651
2227,Charly Black,6588418,-27024,1785,7504759
2228,La Mano 1.9,6586480,5871,1479,8124842
2229,Philip Bailey,6579031,165037,2229,6579031
2230,Henry Freitas,6574322,56510,876,11007403
2231,Mattyeux,6569663,20685,2226,6575174
2232,Bellakath,6568521,1267,574,13805188
2233,Pat Benatar,6566224,-35132,1673,6631477
2234,Richa Sharma,6564181,-5035,2093,6575474
2235,Anggis Devaki,6562230,10498,1465,8461062
2236,Ari Lasso,6560805,12570,2233,6560805
2237,Murtuza Khan,6558469,12102,868,12222134
2238,A-Wall,6554714,71650,2238,6554714
2239,La Original Banda El Limón de Salvador Lizárraga,6553915,-8578,2216,6579266
2240,Majestic,6552365,-10656,970,10242016
2241,Beny Jr,6552256,47229,1263,8326343
2242,Qadir Khan,6552104,12855,869,12214741
2243,Kevin AMF,6545515,-18855,1091,9415420
2244,Leon James,6542526,3695,1695,7481697
2245,Chuck Berry,6532830,-7195,156,33532885
2246,Baby Rasta y Gringo,6530290,24675,2092,6913756
2247,Mc Daniel,6529690,28090,615,13555851
2248,Hector & Tito,6528492,19880,2087,6913395
2249,Yalın,6526892,-8767,2121,6625195
2250,The Kooks,6526676,-1958,1222,8151586
2251,ATB,6525868,16565,1355,7310007
2252,Lit,6525349,-128,1788,7377918
2253,The Bangles,6522692,-7022,1629,6595874
2254,LAGOS,6522350,33772,1513,7305087
2255,Mother Mother,6517234,30447,1008,8600568
2256,Pawan Singh,6516063,5331,746,12240308
2257,LAVINIA,6515232,-5537,1462,8236345
2258,Vengaboys,6515221,-580,1627,7510261
2259,Sandro Cavazza,6514063,-15757,703,12693895
2260,Los Alegres Del Barranco,6511354,870,1541,8127978
2261,Amenazzy,6508762,999,1470,7181964
2262,Tinie Tempah,6508124,-34832,1298,7125677
2263,The Human League,6507014,-36403,1639,7760739
2264,Tee Grizzley,6505765,12959,1109,9249052
2265,Hivi!,6501935,-22568,1374,8002103
2266,The Vamps,6490437,-7889,871,8853137
2267,back number,6486170,12643,2060,6566798
2268,Maelo Ruiz,6484827,-5966,1786,6540691
2269,Joey Bada$$,6481591,9198,772,10299380
2270,Dilsinho,6476853,14985,762,11575175
2271,Sub Urban,6476835,-29153,1361,6590245
2272,Shipra Goyal,6475119,19087,1709,7511768
2273,Axwell /\ Ingrosso,6474360,87296,1101,8971879
2274,Binomio de Oro de América,6472526,11149,2274,6472526
2275,Trevor Daniel,6470348,25352,968,9590211
2276,Gurinder Gill,6470224,14600,692,11301680
2277,Dímelo Flow,6470198,3680,632,13279047
2278,G Herbo,6469964,-4420,1175,8674682
2279,Ken Carson,6467766,21527,882,10775792
2280,Buffalo Springfield,6461913,-7297,681,13151503
2281,Villano Antillano,6453227,12477,682,12701778
2282,Hippie Sabotage,6445954,-15866,1217,7555529
2283,Lil Mosey,6442971,11623,939,8289306
2284,Hamsika Iyer,6441875,4039,1493,8560400
2285,Código FN,6437795,-21652,1849,9044494
2286,Hikaru Utada,6437511,9696,1224,9876648
2287,Frou Frou,6436745,28668,2243,6436745
2288,Poizi,6432812,-14364,1630,7464864
2289,La Roux,6431593,-5464,1364,7924091
2290,Donna Summer,6420255,-15759,1577,7203012
2291,Baby Gang,6418194,-4246,1179,8309083
2292,EKKSTACY,6410562,47513,1173,9813096
2293,Mi Banda El Mexicano,6410526,68907,2178,6558488
2294,Robert Miles,6407955,-42512,996,8703859
2295,AnnenMayKantereit,6406734,42952,1380,6556157
2296,Luiz Lins,6402303,-6326,2133,6828893
2297,Keala Settle,6399559,-3134,1701,6648699
2298,Kid Rock,6399230,8495,1249,9024344
2299,Michael Marcagi,6395507,-8962,307,21166338
2300,Israel & Rodolffo,6394113,14523,656,11805143
2301,Xand Avião,6393535,10192,799,12061151
2302,Hesham Abdul Wahab,6393408,-12567,1387,7876023
2303,Sona Mohapatra,6389428,21151,2075,6389428
2304,The Long Faces,6388422,129342,2304,6388422
2305,Silambarasan TR,6386661,-9830,1718,6565358
2306,Kenya Grace,6383546,-24735,107,32478392
2307,BIN,6383450,19418,855,12208370
2308,Nacho,6380919,7446,1460,7395891
2309,DJ Javi26,6380163,-11127,753,13375159
2310,Adèle Castillon,6373645,27671,2213,6373645
2311,CAMELPHAT,6372296,26237,1512,7035062
2312,Heroes Del Silencio,6371044,36307,2133,6394803
2313,Declan McKenna,6369706,-14588,947,10097970
2314,Aku Jeje,6368635,-60560,1645,7761257
2315,Cocteau Twins,6367223,10940,2311,6367223
2316,Kapil Kapilan,6360879,2971,1677,7089652
2317,Erykah Badu,6360340,-40036,1778,7403654
2318,Nargis Teji,6352017,-3410,2282,6401350
2319,Asma Teji,6341750,-3850,2291,6390699
2320,Lary Over,6338985,-19003,1925,6461578
2321,Julio Iglesias,6337096,-8420,2054,6896313
2322,CA7RIEL & Paco Amoroso,6336949,52309,1920,6758827
2323,King Gnu,6335004,1488,1504,6959629
2324,Sean Roldan,6332493,-10288,2295,6398492
2325,Damso,6331406,1875,1571,6892701
2326,Nigga,6327435,7641,2324,6327435
2327,Olly Murs,6327146,7143,1298,7884015
2328,Morgan Seatree,6326480,30712,1440,8281074
2329,Philharmonia Orchestra,6322364,44770,2289,6322364
2330,Eiffel 65,6322225,3810,1586,6435632
2331,Pyotr Ilyich Tchaikovsky,6315969,13177,681,13907122
2332,Rajat Arora,6314467,-6921,1862,7255250
2333,Good Neighbours,6309261,35866,497,15516763
2334,Balu Brigada,6307905,18905,2239,6566700
2335,Sam Cooke,6301150,-3367,896,10225079
2336,Ramon Ayala Y Sus Bravos Del Norte,6298557,-2703,2296,6359102
2337,Shirin David,6295704,-40666,1102,11079502
2338,Peggy Gou,6293326,-8047,215,23511011
2339,Berlin,6292428,-28187,1399,7621746
2340,Stefflon Don,6289464,9498,1110,9116108
2341,Keith Urban,6288298,13297,909,9073976
2342,BENNETT,6282539,7446,603,13437506
2343,Jessie Reyez,6280470,5494,241,21763207
2344,Kidd Voodoo,6276368,-838,1028,10512052
2345,Hypaton,6274181,7730,1087,9238396
2346,Niska,6269956,11136,1740,6420505
2347,Ginny Diwan,6269236,23378,2347,6269236
2348,Kasarla Shyam,6268853,12185,2347,6268853
2349,Heisenberg,6260291,-5395,2322,6308448
2350,Dalmata,6259477,39273,2350,6259477
2351,Kaash Paige,6256487,2013,1231,8713803
2352,Amrinder Gill,6255138,25513,2352,6255138
2353,Noriega,6254473,20267,2119,6836982
2354,TOMORROW X TOGETHER,6252815,215,629,12038327
2355,Up Dharma Down,6247913,5344,1839,6806720
2356,Maverick City Music,6246142,-12885,1843,6596711
2357,manifest,6245096,-17157,1808,7679849
2358,Jordan Sandhu,6241862,17635,2358,6241862
2359,Kyle Raphael,6241371,8069,2100,6400738
2360,S.P. Charan,6238874,-4646,1943,6743525
2361,FINNEAS,6238449,53768,840,11324344
2362,Adrian Khalif,6234622,16456,893,11986251
2363,Silent Addy,6232245,-18093,295,23310426
2364,Srinivas,6226337,821,2150,6487559
2365,Rahul Nambiar,6226252,52,2327,6332864
2366,AliSoomroMusic,6222701,28746,1261,8783107
2367,Los Fabulosos Cadillacs,6217065,39767,1550,6717181
2368,nicole,6215025,39211,2368,6215025
2369,Mitta Ror,6211906,-8151,863,13094478
2370,KR$NA,6209760,-15858,2342,6255419
2371,Cuco,6207182,-3128,1346,6374023
2372,Sherine,6206145,10912,2271,6206145
2373,Héctor Lavoe,6203772,18216,1875,7061806
2374,Sofiya Nzau,6203532,-27594,832,11204619
2375,Social House,6202500,660,1176,7342566
2376,Finger Eleven,6197979,10935,2298,6429782
2377,Skank,6195205,21118,1967,7109538
2378,Gala,6191254,-16838,1420,9000603
2379,Teriyaki Boyz,6188828,4425,2160,6710491
2380,Afusic,6187598,31837,1259,8786822
2381,Saweetie,6186552,7148,703,11523382
2382,Big Thief,6186287,-13027,1561,7722289
2383,TORRRES,6185073,-30483,1752,7231905
2384,Grupo Revelação,6183273,10264,1447,8747090
2385,The Beaches,6171418,15152,1992,7005362
2386,Aditi Singh Sharma,6170419,-14892,1991,6624289
2387,Maite Perroni,6169331,25906,1175,6883353
2388,JT,6166487,38594,1300,7534042
2389,Tarcísio do Acordeon,6165886,-411,1294,7465453
2390,Kaique e Felipe,6161626,41129,1293,8484988
2391,Bobby V.,6159623,2661,2389,6159623
2392,Sanjith Hegde,6159390,16101,1411,8726762
2393,Toni Braxton,6155158,4882,1527,8369448
2394,Kanika Kapoor,6153709,15060,1953,6334724
2395,La T y La M,6152966,4587,1556,7220118
2396,Phoenix,6152962,55698,1477,7152731
2397,The Jacksons,6152300,-12006,1011,11876122
2398,Dhee,6150344,10533,1088,9482208
2399,Roberto Carlos,6149905,9976,1593,6394957
2400,Marca MP,6149198,13231,2215,6611821
2401,Sreerama Chandra,6148005,14523,1319,9224386
2402,AKDO,6146302,-26298,1613,8401597
2403,Unni Menon,6145923,-6824,2171,6366520
2404,Joe Cocker,6141617,4529,1364,7568469
2405,Luis Alfonso Partida El Yaki,6139050,7714,2048,6528103
2406,Los Abuelos De La Nada,6138877,42074,1992,6138877
2407,Josh Turner,6137745,12680,1778,6682380
2408,Sanam,6136159,35478,1537,7600626
2409,Alan Arrieta,6134245,-13032,1296,8782267
2410,Big One,6133128,-18793,398,16419449
2411,Rony Parulian,6127262,-1201,1291,8418291
2412,Enjambre,6125320,10112,2389,6125320
2413,Kim Carnes,6124471,3677,1574,7450194
2414,Pretenders,6120535,-63507,704,12970702
2415,Vaundy,6117565,19028,1729,6502038
2416,Ansh Chahal,6114648,36686,2284,6414752
2417,Don Henley,6109321,-11689,1657,7245926
2418,Neo Beats,6108120,5125,956,8012871
2419,Dusty Springfield,6106928,7076,905,10305065
2420,The La's,6106392,-23865,1719,7188978
2421,Cheat Codes,6106365,-11705,608,10975050
2422,Meghdeep Bose,6102634,8622,1204,10085250
2423,Yiyo Sarante,6101891,-72876,1694,6927491
2424,Bone Thugs-N-Harmony,6098822,-27000,1254,6586218
2425,MC Paulin da Capital,6098618,36011,1150,8762806
2426,wifiskeleton,6096969,-20003,1381,8480049
2427,Billy Currington,6095532,4384,1531,7175453
2428,Mariah the Scientist,6092531,5178,1205,9501527
2429,Geisha,6091830,42258,1150,8290047
2430,Gaab,6089640,8346,1517,6089640
2431,Yaga & Mackie,6083207,12905,2391,6141065
2432,Nena,6079722,44366,1691,6465271
2433,Khan Saab,6078294,-4059,873,12998053
2434,BLOND:ISH,6077857,-9710,1516,7962584
2435,Soft Cell,6075792,-22543,883,10785618
2436,Peter Bjorn and John,6075209,-10493,2137,6611886
2437,Akhil,6074895,7186,1079,8166073
2438,Racionais MC's,6073726,39950,2161,6102091
2439,Don Diablo,6073567,9883,1235,8151794
2440,Fabolous,6072385,-3943,1784,6100925
2441,Los Acosta,6072318,-34387,2406,6106705
2442,Craig David,6070983,-7097,1691,6092610
2443,Nueva Línea,6069165,-1724,1603,8400965
2444,KT Tunstall,6064640,13444,1888,7066142
2445,$HUPE,6063682,11077,1755,7422984
2446,Sezen Aksu,6063242,-443,1631,7519451
2447,Luis Mexia,6059054,13862,1378,7886669
2448,Régulo Molina,6056498,-18397,1727,7513421
2449,Angèle,6053221,55940,1404,6894971
2450,Martin Solveig,6051394,27844,1465,8247043
2451,Pedro Lotto,6048419,5913,1134,8332406
2452,Bunbury,6045951,36026,2452,6045951
2453,FIFTY FIFTY,6044284,-3406,70,37675143
2454,Dj Yuri Pedrada,6043362,19029,1337,9003533
2455,Bullet For My Valentine,6043228,-14498,2072,6057726
2456,Ñejo & Dalmata,6042611,32420,2139,6225075
2457,Rainbow Kitten Surprise,6034419,30131,1093,8812010
2458,Sofía Reyes,6033740,27946,607,12276010
2459,MAX,6033028,24212,750,11143093
2460,Candi Staton,6028305,-53414,2107,6718429
2461,Hyder Dar,6028153,23246,1379,8578285
2462,Brando,6026645,-10461,1124,8484693
2463,CamrinWatsin,6024960,9387,861,11199808
2464,Juan Freer,6024874,4832,2042,6033298
2465,Liberación,6020663,19187,2380,6163086
2466,Mahen,6019263,15447,2378,6026325
2467,Julian Casablancas,6017842,13187,1658,6295465
2468,Damiano David,6017542,37578,737,13109014
2469,Jeanette,6015724,47459,1951,6578540
2470,BNXN,6009508,1490,2053,6155830
2471,Victor & Leo,6007184,6739,2330,6155389
2472,Nakama,6007035,-6647,521,17212585
2473,Fuego,6003855,-14160,1138,7079607
2474,Tarkan,6001907,-26597,1883,7161009
2475,Vintage Culture,5999365,2424,961,10029332
2476,Conrad Sewell,5996610,5799,1709,7234131
2477,Suchitra,5996024,4947,2155,6302153
2478,2ZDinizz,5990026,8995,2451,6062537
2479,Dishant,5989418,49578,2479,5989418
2480,Janine Berdin,5989379,5190,2419,5989379
2481,thiarajxtt,5986728,-999,1533,7814893
2482,Sleeping At Last,5986671,-8160,1144,7891847
2483,Paal Dabba,5984407,-37426,1642,7580072
2484,J Abdiel,5982164,-15499,1003,9883625
2485,John Williams,5981354,18602,101,39541089
2486,Angel Almaguer,5977085,20514,1904,6992041
2487,Carlos Rivera,5974031,-7249,847,9143637
2488,Murillo e LT no Beat,5971228,17102,975,9628998
2489,Klasico,5968573,-15475,2481,5984048
2490,Malou,5968060,-2994,1261,9154467
2491,Conep,5966384,41771,2491,5966384
2492,Cleber & Cauan,5963764,38935,2050,6843983
2493,Jone Quest,5962945,-26186,2457,6013956
2494,HELLMERRY,5957527,16345,2235,5957527
2495,Silent Sanctuary,5956163,-23746,2301,6015063
2496,Gipsy Kings,5954472,-13951,1756,7232171
2497,Jordana,5953170,-14859,2318,5968029
2498,Remi Wolf,5952917,24538,1695,6542975
2499,Luciano,5951631,-14736,829,9205446
2500,Djonga,5950117,-569,1376,7011516
